Course,Chapter,Topic,Course_hour,Chap_hour,Top_hour
CS106A, _Chapter 2, Algorithm vs Program,,,
CS106A, _Chapter 2, Creating Methods,,,
CS106A, _Chapter 2, for Loop and While Loop,,,
CS106A, _Chapter 2, If Statement and Putting it All Together,,,
CS106A, _Chapter 3, Common Errors,,,
CS106A, _Chapter 3, Comments,,,
CS106A, _Chapter 3, Pre-conditions and Post-conditions,,,
CS106A, _Chapter 3, Decomposition,,,
CS106A, _Chapter 3, Importance of Good Software Engineering,,,
CS106A, _Chapter 3, The Right Decomposition,,,
CS106A, _Chapter 4, The History of Computing,,,
CS106A, _Chapter 4, Computer Science vs Programming,,,
CS106A, _Chapter 4, The Compilation Process,,,
CS106A, _Chapter 4, Java is an Object Oriented Language,,,
CS106A, _Chapter 4, Inheritance,,,
CS106A, _Chapter 4, Instance of a Class,,,
CS106A, _Chapter 4, The acm.program Hierarchy,,,
CS106A, _Chapter 4, Your First Java Program,,,
CS106A, _Chapter 5, Variables,,,
CS106A, _Chapter 5, Data Types and Syntax of Variables,,,
CS106A, _Chapter 5, Classes as Types Objects as Variables,,,
CS106A, _Chapter 5, Invoking Methods on Objects,,,
CS106A, _Chapter 5, Graphics Coordinates and Operations,,,
CS106A, _Chapter 5, Expressions and Operators,,,
CS106A, _Chapter 6, readInt() and readDouble(),,,
CS106A, _Chapter 6, The Division Operator w.r.t ints and Doubles,,,
CS106A, _Chapter 6, Order of Precedence for Operators,,,
CS106A, _Chapter 6, Type Casting,,,
CS106A, _Chapter 6, Shorthands,,,
CS106A, _Chapter 6, Constants,,,
CS106A, _Chapter 6, The Boolean Data Type,,,
CS106A, _Chapter 6, Value Comparisons,,,
CS106A, _Chapter 6, Statement Blocks,,,
CS106A, _Chapter 6, Scope of Variables,,,
CS106A, _Chapter 6, Cascading if,,,
CS106A, _Chapter 6, The Switch Statement,,,
CS106A, _Chapter 6, The For Loop and While Loop,,,
CS106A, _Chapter 7, The Loop and a Half Problem,,,
CS106A, _Chapter 7, For Versus While Loop,,,
CS106A, _Chapter 7, The CheckerBoard Program Example,,,
CS106A, _Chapter 7, Methods in Java,,,
CS106A, _Chapter 7, The FactorialExample Program,,,
CS106A, _Chapter 7, Returning Objects from Methods,,,
CS106A, _Chapter 8, Information Hiding,,,
CS106A, _Chapter 8, The Void Return Type,,,
CS106A, _Chapter 8, Parameter Passing Between Methods,,,
CS106A, _Chapter 8, Bad Times with Methods-Using Classes,,,
CS106A, _Chapter 8, Instance variables vs Local Variables,,,
CS106A, _Chapter 8, The RandomGenerator Program Example,,,
CS106A, _Chapter 8, The RollDice Program Example,,,
CS106A, _Chapter 8, The setSeed() Method,,,
CS106A, _Chapter 9, Strings,,,
CS106A, _Chapter 9, Writing Your Own Class,,,
CS106A, _Chapter 9, Public and Private Visibility,,,
CS106A, _Chapter 9, Creating a New Class - The Constructor Method +'this' Keyword,,,
CS106A, _Chapter 9, Using the Created Class,,,
CS106A, _Chapter 9, Objects are Called by Reference not Called by Value-Class Variables,,,
CS106A, _Chapter 9, The Student Program Example,,,
CS106A, _Chapter 10, Importance of Private Variables,,,
CS106A, _Chapter 10, Extending the Student Class,,,
CS106A, _Chapter 10, Overriding Methods,,,
CS106A, _Chapter 10, Methods Common to All GObjects,,,
CS106A, _Chapter 10, Interfaces and Methods Defined by Them,,,
CS106A, _Chapter 10, The BouncingBall Program Example,,,
CS106A, _Chapter 11, The GImage GShape Classes,,,
CS106A, _Chapter 11, Event Driven Programs,,,
CS106A, _Chapter 11, The ClickForFace Program Example,,,
CS106A, _Chapter 11, Responding to Mouse and Keyboard Events,,,
CS106A, _Chapter 11, The UFO program Example,,,
CS106A, _Chapter 12, Enumeration and Characters,,,
CS106A, _Chapter 12, The ASCII Subset of Unicode,,,
CS106A, _Chapter 12, Reading Characters and Math on Characters,,,
CS106A, _Chapter 12, char as a Primitive Type and the Character Class,,,
CS106A, _Chapter 12, Strings and Their Manipulations,,,
CS106A, _Chapter 13, String Processing,,,
CS106A, _Chapter 13, Tokenizers,,,
CS106A, _Chapter 13, Encryption,,,
CS106A, _Chapter 14, Memory,,,
CS106A, _Chapter 14, Different Sections of Memory for Different Types of Variables,,,
CS106A, _Chapter 14, Memory Allocation Mechanics,,,
CS106A, _Chapter 14, The Pointer Viewpoint,,,
CS106A, _Chapter 14, The Binky Pointer Fun Video,,,
CS106A, _Chapter 15, Pointer Recap and Object 'Call by Reference' Instead of 'Call of Value'?,,,
CS106A, _Chapter 15, Wrapper Classes for Primitive Types,,,
CS106A, _Chapter 15, Files and Code for Opening- Reading&Closing Files,,,
CS106A, _Chapter 15, Exceptions,,,
CS106A, _Chapter 15, Code for Writing Files,,,
CS106A, _Chapter 16, Array and Array Creation,,,
CS106A, _Chapter 16, The ++ Operator,,,
CS106A, _Chapter 16, Actual Size / Effective Size of the Array,,,
CS106A, _Chapter 16, An Array as a Parameter,,,
CS106A, _Chapter 16, Initialize an Array During Creation,,,
CS106A, _Chapter 16, An ArrayList,,,
CS106A, _Chapter 17, Multi-dimensional Arrays,,,
CS106A, _Chapter 17, An ArrayList,,,
CS106A, _Chapter 17, The Template Class,,,
CS106A, _Chapter 17, Methods in the ArrayList Class and Example Program,,,
CS106A, _Chapter 17, ArrayLists Hold Objects,,,
CS106A, _Chapter 17, Example Program with an ArrayList of Glabels and GrayImage Program,,,
CS106A, _Chapter 18, A Wrap Up of Multi-dimensional Arrays,,,
CS106A, _Chapter 18, The ArrayList Way,,,
CS106A, _Chapter 18, Debugging and Approaches to Debugging,,,
CS106A, _Chapter 19, An Interface and Implementation,,,
CS106A, _Chapter 19, A Map,,,
CS106A, _Chapter 19, The HashMap Class and Mehtods The Collection Hierarchy,,,
CS106A, _Chapter 19, The Map Hierarchy,,,
CS106A, _Chapter 19, An Iterator,,,
CS106A, _Chapter 19, A HashMap Example,,,
CS106A, _Chapter 20, GUI,,,
CS106A, _Chapter 20, Interactors in the Context of a Java Program,,,
CS106A, _Chapter 20, The Swing Interactor Hierarchy,,,
CS106A, _Chapter 20, Window Regions,,,
CS106A, _Chapter 20, Creating Interactors,,,
CS106A, _Chapter 20, Exploring More Interactors,,,
CS106A, _Chapter 20, The InteractiveDrawFace Program Example,,,
CS106A, _Chapter 21, Review of Interactors and Listeners,,,
CS106A, _Chapter 21, TextField Example,,,
CS106A, _Chapter 21, Layouts,,,
CS106A, _Chapter 21, The Temperature Conversion Example,,,
CS106A, _Chapter 21, The TextAndGraphics Example,,,
CS106A, _Chapter 22, Components and Containers,,,
CS106A, _Chapter 22, Listeners for Components,,,
CS106A, _Chapter 22, Create a Program Which Extends Program,,,
CS106A, _Chapter 22, The ComponentListener Interface,,,
CS106A, _Chapter 22, The MusicShop Example Program,,,
CS106A, _Chapter 22, The MusicShopDisplay Example Program,,,
CS106A, _Chapter 23, Introduction to Lecture's material - Searching,,,
CS106A, _Chapter 23, Searching,,,
CS106A, _Chapter 23, Linear Search and Binary Search Efficiency,,,
CS106A, _Chapter 23, Comparing Search Efficiencies,,,
CS106A, _Chapter 23, Sorting,,,
CS106A, _Chapter 23, Selection Sort Algorithm Efficiency,,,
CS106A, _Chapter 23, The Radix Sort Algorithm,,,
CS106A, _Chapter 24, Principles of Good Software Engineering for Managing Large Amounts of Data,,,
CS106A, _Chapter 24, Principles of Design,,,
CS106A, _Chapter 24, The Collection Hierarchy,,,
CS106A, _Chapter 24, Useful Methods of Collection,,,
CS106A, _Chapter 24, The FlyTunes Example Program - An Online Music Store,,,
CS106A, _Chapter 24, Reusing Data - Shallow Copy vs. Deep Copy,,,
CS106A, _Chapter 25, Defining a Social Network for Our Purposes,,,
CS106A, _Chapter 25, See What the Program Needs to Do,,,
CS106A, _Chapter 25, The Six Degrees of Separation Phenomenon,,,
CS106A, _Chapter 25, Concurrency,,,
CS106A, _Chapter 25, A Thread,,,
CS106A, _Chapter 25, The Runnable Interface,,,
CS106A, _Chapter 25, Having Shared Data Between Your Threads,,,
CS106A, _Chapter 26, Introduction to the Standard Java Libraries,,,
CS106A, _Chapter 26, JAR Files and JAR File Creation,,,
CS106A, _Chapter 26, Creating an Applet,,,
CS106A, _Chapter 26, Standard Java Programs Without Using the ACM Libraries,,,
CS106A, _Chapter 26, Other Resources - Learning More Java,,,
CS106B, Chapter 2, Similarity between C++ & Java,107.5,4.134615384615385,0.5906593406593407
CS106B, Chapter 2, #include Statements,107.5,4.134615384615385,0.5906593406593407
CS106B, Chapter 2, Global Declarations (constant),107.5,4.134615384615385,0.5906593406593407
CS106B, Chapter 2, Declaring a Function Prototype,107.5,4.134615384615385,0.5906593406593407
CS106B, Chapter 2, The main() Function,107.5,4.134615384615385,0.5906593406593407
CS106B, Chapter 2, C++ User Defined Data Types,107.5,4.134615384615385,0.5906593406593407
CS106B, Chapter 2, C++ Parameters Passing,107.5,4.134615384615385,0.5906593406593407
CS106B, Chapter 3, C++ Libraries,107.5,4.134615384615385,1.3782051282051282
CS106B, Chapter 3, C++ String Type & Operations on String,107.5,4.134615384615385,1.3782051282051282
CS106B, Chapter 3, C++ Console I/O,107.5,4.134615384615385,1.3782051282051282
CS106B, Chapter 4, C++ File I/O,107.5,4.134615384615385,0.8269230769230769
CS106B, Chapter 4, Stream Operations,107.5,4.134615384615385,0.8269230769230769
CS106B, Chapter 4, Error Function,107.5,4.134615384615385,0.8269230769230769
CS106B, Chapter 4, Class Libraries OO Features & Why OO is So Successful,107.5,4.134615384615385,0.8269230769230769
CS106B, Chapter 4, Container Classes & Template Containers,107.5,4.134615384615385,0.8269230769230769
CS106B, Chapter 5, Vector Class & Interface,107.5,4.134615384615385,0.5168269230769231
CS106B, Chapter 5, Type-safety in Templates,107.5,4.134615384615385,0.5168269230769231
CS106B, Chapter 5, Grid Class & Interface,107.5,4.134615384615385,0.5168269230769231
CS106B, Chapter 5, Stack Class & Interface,107.5,4.134615384615385,0.5168269230769231
CS106B, Chapter 5, Queue Class & Interface,107.5,4.134615384615385,0.5168269230769231
CS106B, Chapter 5, Nested Templates,107.5,4.134615384615385,0.5168269230769231
CS106B, Chapter 5, Learning a New API,107.5,4.134615384615385,0.5168269230769231
CS106B, Chapter 5, CS106B Library Documentation,107.5,4.134615384615385,0.5168269230769231
CS106B, Chapter 6, More Containers,107.5,4.134615384615385,0.8269230769230769
CS106B, Chapter 6, Map Class & Interface,107.5,4.134615384615385,0.8269230769230769
CS106B, Chapter 6, Iterator Operation Through the Map,107.5,4.134615384615385,0.8269230769230769
CS106B, Chapter 6, Set Class & Interface,107.5,4.134615384615385,0.8269230769230769
CS106B, Chapter 6, Set Higher-level Operations & Why Set is Different,107.5,4.134615384615385,0.8269230769230769
CS106B, Chapter 7, Seeing Functions as Data: Plot Functions,107.5,4.134615384615385,0.6891025641025641
CS106B, Chapter 7, Back to the Set,107.5,4.134615384615385,0.6891025641025641
CS106B, Chapter 7, Client Callback Function,107.5,4.134615384615385,0.6891025641025641
CS106B, Chapter 7, Review of the Classes,107.5,4.134615384615385,0.6891025641025641
CS106B, Chapter 7, Using Nested Abstract Data Types,107.5,4.134615384615385,0.6891025641025641
CS106B, Chapter 7, Recursion,107.5,4.134615384615385,0.6891025641025641
CS106B, Chapter 8, Common Mistakes: 'I'terator,107.5,4.134615384615385,0.6891025641025641
CS106B, Chapter 8, Common Mistakes: Concatenating Strings,107.5,4.134615384615385,0.6891025641025641
CS106B, Chapter 8, Solving Problems Recursively,107.5,4.134615384615385,0.6891025641025641
CS106B, Chapter 8, Functional Recursion,107.5,4.134615384615385,0.6891025641025641
CS106B, Chapter 8, Recursion & Efficiency,107.5,4.134615384615385,0.6891025641025641
CS106B, Chapter 8, Binary Search,107.5,4.134615384615385,0.6891025641025641
CS106B, Chapter 9, Thinking Recursively,107.5,4.134615384615385,0.8269230769230769
CS106B, Chapter 9, Procedural vs Functional Recursion,107.5,4.134615384615385,0.8269230769230769
CS106B, Chapter 9, Fractal Code,107.5,4.134615384615385,0.8269230769230769
CS106B, Chapter 9, Hanois Towers : Classic Recursion Example,107.5,4.134615384615385,0.8269230769230769
CS106B, Chapter 9, Permutations,107.5,4.134615384615385,0.8269230769230769
CS106B, Chapter 10, Subsets,107.5,4.134615384615385,1.3782051282051282
CS106B, Chapter 10, Exhaustive Recursion,107.5,4.134615384615385,1.3782051282051282
CS106B, Chapter 10, Recursive Backtracking,107.5,4.134615384615385,1.3782051282051282
CS106B, Chapter 11, Backtracking Pseudocode & Examples,107.5,4.134615384615385,2.0673076923076925
CS106B, Chapter 11, Introduction to Pointers,107.5,4.134615384615385,2.0673076923076925
CS106B, Chapter 12, Pointer Basics,107.5,4.134615384615385,1.3782051282051282
CS106B, Chapter 12, Recursive Data,107.5,4.134615384615385,1.3782051282051282
CS106B, Chapter 12, Linked Lists,107.5,4.134615384615385,1.3782051282051282
CS106B, Chapter 13, More on Linked Lists using recursion,107.5,4.134615384615385,1.3782051282051282
CS106B, Chapter 13, Passing Pointers by Reference,107.5,4.134615384615385,1.3782051282051282
CS106B, Chapter 13, Array vs Linked List,107.5,4.134615384615385,1.3782051282051282
CS106B, Chapter 14, Algorithm Analysis,107.5,4.134615384615385,1.0336538461538463
CS106B, Chapter 14, Big-O,107.5,4.134615384615385,1.0336538461538463
CS106B, Chapter 14, Analysis of Recursive Algorithms,107.5,4.134615384615385,1.0336538461538463
CS106B, Chapter 14, Selection Sort,107.5,4.134615384615385,1.0336538461538463
CS106B, Chapter 15, Selection Sort,107.5,4.134615384615385,1.0336538461538463
CS106B, Chapter 15, Insertion Sort,107.5,4.134615384615385,1.0336538461538463
CS106B, Chapter 15, Merge Sort,107.5,4.134615384615385,1.0336538461538463
CS106B, Chapter 15, Quick Sort,107.5,4.134615384615385,1.0336538461538463
CS106B, Chapter 16, Quick Sort,107.5,4.134615384615385,1.3782051282051282
CS106B, Chapter 16, Quicksort vs Merge Sort,107.5,4.134615384615385,1.3782051282051282
CS106B, Chapter 16, Template Instantiation,107.5,4.134615384615385,1.3782051282051282
CS106B, Chapter 17, Sort Template with Callback,107.5,4.134615384615385,0.41346153846153844
CS106B, Chapter 17, Why Object Oriented Programming,107.5,4.134615384615385,0.41346153846153844
CS106B, Chapter 17, Class Division,107.5,4.134615384615385,0.41346153846153844
CS106B, Chapter 17," Class Interface in "".h"" File",107.5,4.134615384615385,0.41346153846153844
CS106B, Chapter 17, Storage for Objects,107.5,4.134615384615385,0.41346153846153844
CS106B, Chapter 17, Accessing Members of a Class,107.5,4.134615384615385,0.41346153846153844
CS106B, Chapter 17, Class & Member Function Implementation,107.5,4.134615384615385,0.41346153846153844
CS106B, Chapter 17," Maintaining Object Consistency
",107.5,4.134615384615385,0.41346153846153844
CS106B, Chapter 17, Constructors & Destructors of a Class,107.5,4.134615384615385,0.41346153846153844
CS106B, Chapter 17, Idea of Encapsulation,107.5,4.134615384615385,0.41346153846153844
CS106B, Chapter 18, Abstract Data Types,107.5,4.134615384615385,1.0336538461538463
CS106B, Chapter 18, Why Abstract Data Types?,107.5,4.134615384615385,1.0336538461538463
CS106B, Chapter 18, Growing Dynamically: Making Space at Runtime,107.5,4.134615384615385,1.0336538461538463
CS106B, Chapter 18, Templatizing the Class Created,107.5,4.134615384615385,1.0336538461538463
CS106B, Chapter 19, Rules of Template Implementation,107.5,4.134615384615385,1.3782051282051282
CS106B, Chapter 19, InsertAt Function,107.5,4.134615384615385,1.3782051282051282
CS106B, Chapter 19, Consequences of Contiguous Memory Being a Disadvantage,107.5,4.134615384615385,1.3782051282051282
CS106B, Chapter 20, Linked List Implementation for Stack,107.5,4.134615384615385,1.0336538461538463
CS106B, Chapter 20, Analyzing Push/pop Functions,107.5,4.134615384615385,1.0336538461538463
CS106B, Chapter 20, Queue Implementation,107.5,4.134615384615385,1.0336538461538463
CS106B, Chapter 20, Buffered Class Interface,107.5,4.134615384615385,1.0336538461538463
CS106B, Chapter 21, Buffer: Vector vs Stack,107.5,4.134615384615385,0.4594017094017094
CS106B, Chapter 21, Buffer as Linked List,107.5,4.134615384615385,0.4594017094017094
CS106B, Chapter 21, Cursor Design,107.5,4.134615384615385,0.4594017094017094
CS106B, Chapter 21, Use of Dummy Cell,107.5,4.134615384615385,0.4594017094017094
CS106B, Chapter 21, Linked List Insert/delete,107.5,4.134615384615385,0.4594017094017094
CS106B, Chapter 21, Linked List Cursor Movement,107.5,4.134615384615385,0.4594017094017094
CS106B, Chapter 21, Doubly Linked List,107.5,4.134615384615385,0.4594017094017094
CS106B, Chapter 21, Implementing Map,107.5,4.134615384615385,0.4594017094017094
CS106B, Chapter 21, Map as Vector,107.5,4.134615384615385,0.4594017094017094
CS106B, Chapter 22, Binary Search Trees,107.5,4.134615384615385,1.0336538461538463
CS106B, Chapter 22, Trees in General,107.5,4.134615384615385,1.0336538461538463
CS106B, Chapter 22, Implementing Map as Tree,107.5,4.134615384615385,1.0336538461538463
CS106B, Chapter 22, Important Syntactical Advice,107.5,4.134615384615385,1.0336538461538463
CS106B, Chapter 23, Pathfinder Demo,107.5,4.134615384615385,0.6891025641025641
CS106B, Chapter 23, Graphs in C++,107.5,4.134615384615385,0.6891025641025641
CS106B, Chapter 23, Nodes and Arcs in C++,107.5,4.134615384615385,0.6891025641025641
CS106B, Chapter 23, Depth First Search,107.5,4.134615384615385,0.6891025641025641
CS106B, Chapter 23, Breadth First Search,107.5,4.134615384615385,0.6891025641025641
CS106B, Chapter 23, Graph Search Algorithms,107.5,4.134615384615385,0.6891025641025641
CS106B, Chapter 24, Compare Map Implementations,107.5,4.134615384615385,1.0336538461538463
CS106B, Chapter 24, Hashtable Idea,107.5,4.134615384615385,1.0336538461538463
CS106B, Chapter 24, Hashing Generic Types,107.5,4.134615384615385,1.0336538461538463
CS106B, Chapter 24, Implementing Set,107.5,4.134615384615385,1.0336538461538463
CS106B, Chapter 25, Lexicon Case Study: Sorted Vector,107.5,4.134615384615385,1.3782051282051282
CS106B, Chapter 25, DAWG: Directed Acyclic Word Graph,107.5,4.134615384615385,1.3782051282051282
CS106B, Chapter 25, Lexicon as DAWG,107.5,4.134615384615385,1.3782051282051282
CS106B, Chapter 26, Thinking About Design,107.5,4.134615384615385,4.134615384615385
CS106B, Chapter 27, Guest Lecturer: About the C++ Language,107.5,4.134615384615385,4.134615384615385
CS171, Design Principle Lecture, Cognition Limitation,128.5,6.425,0.803125
CS171, Design Principle Lecture, Tufte Principles,128.5,6.425,0.803125
CS171, Design Principle Lecture, Graphical Integrity,128.5,6.425,0.803125
CS171, Design Principle Lecture, Scale Distortion and Lie factor,128.5,6.425,0.803125
CS171, Design Principle Lecture, Data-Ink-Ratio and Chart-Junk,128.5,6.425,0.803125
CS171, Design Principle Lecture, Data-Density,128.5,6.425,0.803125
CS171, Design Principle Lecture, Layering and Separation,128.5,6.425,0.803125
CS171, Design Principle Lecture, Subjective,128.5,6.425,0.803125
CS171, Lab 1, Github,128.5,6.425,0.5840909090909091
CS171, Lab 1, HTML,128.5,6.425,0.5840909090909091
CS171, Lab 1, CSS,128.5,6.425,0.5840909090909091
CS171, Lab 1, Javascript,128.5,6.425,0.5840909090909091
CS171, Lab 1, SVG,128.5,6.425,0.5840909090909091
CS171, D3 Lecture, Javascript functions,128.5,6.425,0.9178571428571428
CS171, D3 Lecture, Javascript 'bake-in-state',128.5,6.425,0.9178571428571428
CS171, D3 Lecture, Selection D3,128.5,6.425,0.9178571428571428
CS171, D3 Lecture, data D3,128.5,6.425,0.9178571428571428
CS171, D3 Lecture, enter and exit D3,128.5,6.425,0.9178571428571428
CS171, D3 Lecture, transition D3,128.5,6.425,0.9178571428571428
CS171, D3 Lecture, nested examples and further D3,128.5,6.425,0.9178571428571428
CS171, D3 Data Models and Variables, Data types,128.5,6.425,0.5354166666666667
CS171, D3 Data Models and Variables, Quantitative types,128.5,6.425,0.5354166666666667
CS171, D3 Data Models and Variables, Entity,128.5,6.425,0.5354166666666667
CS171, D3 Data Models and Variables, Data model & conceptual model,128.5,6.425,0.5354166666666667
CS171, D3 Data Models and Variables, Visual variables,128.5,6.425,0.5354166666666667
CS171, D3 Data Models and Variables, Position,128.5,6.425,0.5354166666666667
CS171, D3 Data Models and Variables, Size,128.5,6.425,0.5354166666666667
CS171, D3 Data Models and Variables, Length,128.5,6.425,0.5354166666666667
CS171, D3 Data Models and Variables, Shape,128.5,6.425,0.5354166666666667
CS171, D3 Data Models and Variables, Color,128.5,6.425,0.5354166666666667
CS171, D3 Data Models and Variables, Graph perception,128.5,6.425,0.5354166666666667
CS171, D3 Data Models and Variables, Effective visual variables rank,128.5,6.425,0.5354166666666667
CS171, Lab 2, Loading Data D3,128.5,6.425,1.60625
CS171, Lab 2, Selectors D3,128.5,6.425,1.60625
CS171, Lab 2, Drawing with Data D3,128.5,6.425,1.60625
CS171, Interaction Lecture, Shneiderman mantra,128.5,6.425,0.9178571428571428
CS171, Interaction Lecture, Focus + Context,128.5,6.425,0.9178571428571428
CS171, Interaction Lecture, Brishing & linking,128.5,6.425,0.9178571428571428
CS171, Interaction Lecture, Filtering,128.5,6.425,0.9178571428571428
CS171, Interaction Lecture, Zooming,128.5,6.425,0.9178571428571428
CS171, Interaction Lecture, Animation,128.5,6.425,0.9178571428571428
CS171, Interaction Lecture, Off-the-desktop-interaction,128.5,6.425,0.9178571428571428
CS171, Networks & Process Lecture, Network Layouts,128.5,6.425,0.803125
CS171, Networks & Process Lecture, Force-directed,128.5,6.425,0.803125
CS171, Networks & Process Lecture, Clustered,128.5,6.425,0.803125
CS171, Networks & Process Lecture, Radial,128.5,6.425,0.803125
CS171, Networks & Process Lecture, Matrix,128.5,6.425,0.803125
CS171, Networks & Process Lecture, Tree Layouts,128.5,6.425,0.803125
CS171, Networks & Process Lecture, Radial trees,128.5,6.425,0.803125
CS171, Networks & Process Lecture, Segmentation plots,128.5,6.425,0.803125
CS171, Lab 3, Transitions D3,128.5,6.425,1.0708333333333333
CS171, Lab 3, Interactions D3,128.5,6.425,1.0708333333333333
CS171, Lab 3, Scale & Axis D3,128.5,6.425,1.0708333333333333
CS171, Process & Graphs Lecture, Target - explore domain-pose questions-find & clean data,128.5,6.425,0.5354166666666667
CS171, Process & Graphs Lecture, Translate - formulate analysis,128.5,6.425,0.5354166666666667
CS171, Process & Graphs Lecture, Design - design encodings,128.5,6.425,0.5354166666666667
CS171, Process & Graphs Lecture, Implement - code sketches,128.5,6.425,0.5354166666666667
CS171, Process & Graphs Lecture, Validate - effective,128.5,6.425,0.5354166666666667
CS171, Process & Graphs Lecture, Visualisation Taxonomy,128.5,6.425,0.5354166666666667
CS171, Process & Graphs Lecture, Chart Starter - comparison,128.5,6.425,0.5354166666666667
CS171, Process & Graphs Lecture, Chart Starter - trend over time,128.5,6.425,0.5354166666666667
CS171, Process & Graphs Lecture, Chart Starter - proportions,128.5,6.425,0.5354166666666667
CS171, Process & Graphs Lecture, Chart Starter - distributions,128.5,6.425,0.5354166666666667
CS171, Process & Graphs Lecture, Chart Starter - correlations,128.5,6.425,0.5354166666666667
CS171, Process & Graphs Lecture, Chart Starter - overplotting,128.5,6.425,0.5354166666666667
CS171, Lab 4, D3 Layouts,128.5,6.425,1.60625
CS171, High Dimensional Data Lecture, Geometric methods,128.5,6.425,0.49423076923076925
CS171, High Dimensional Data Lecture, Data Reduction,128.5,6.425,0.49423076923076925
CS171, High Dimensional Data Lecture, Pixel based methods,128.5,6.425,0.49423076923076925
CS171, High Dimensional Data Lecture, Clustering,128.5,6.425,0.49423076923076925
CS171, High Dimensional Data Lecture, Heterogenous data sets & stratification,128.5,6.425,0.49423076923076925
CS171, High Dimensional Data Lecture, Dimensionality reduction,128.5,6.425,0.49423076923076925
CS171, High Dimensional Data Lecture, Multi-dimensional scaling,128.5,6.425,0.49423076923076925
CS171, High Dimensional Data Lecture, Glyphs,128.5,6.425,0.49423076923076925
CS171, Text Visualisation Lecture, Text as abstraction,128.5,6.425,0.9178571428571428
CS171, Text Visualisation Lecture, Typeography,128.5,6.425,0.9178571428571428
CS171, Text Visualisation Lecture, Visualisation of text,128.5,6.425,0.9178571428571428
CS171, Text Visualisation Lecture, Visualisation of collections,128.5,6.425,0.9178571428571428
CS171, Text Visualisation Lecture, Bag of words,128.5,6.425,0.9178571428571428
CS171, Text Visualisation Lecture, Text corpora & language,128.5,6.425,0.9178571428571428
CS171, Text Visualisation Lecture, Time evolution text,128.5,6.425,0.9178571428571428
CS171, Lab 5, Web scraping,128.5,6.425,1.0708333333333333
CS171, Lab 5, JQuery,128.5,6.425,1.0708333333333333
CS171, Lab 5, Advanced Javascript,128.5,6.425,1.0708333333333333
CS171, Visualisation Maps Lecture, Geographic and Population Maps,128.5,6.425,0.42833333333333334
CS171, Visualisation Maps Lecture, Landmarks and Paths,128.5,6.425,0.42833333333333334
CS171, Visualisation Maps Lecture, Latitude and Longitude,128.5,6.425,0.42833333333333334
CS171, Visualisation Maps Lecture, Azimuthal Equidistant,128.5,6.425,0.42833333333333334
CS171, Visualisation Maps Lecture, Conic,128.5,6.425,0.42833333333333334
CS171, Visualisation Maps Lecture, Cylindrical,128.5,6.425,0.42833333333333334
CS171, Visualisation Maps Lecture, Albers Equal Area,128.5,6.425,0.42833333333333334
CS171, Visualisation Maps Lecture, Mercator,128.5,6.425,0.42833333333333334
CS171, Visualisation Maps Lecture, Chloropleth,128.5,6.425,0.42833333333333334
CS171, Visualisation Maps Lecture, Isopleth map,128.5,6.425,0.42833333333333334
CS171, Visualisation Maps Lecture, Cartograms,128.5,6.425,0.42833333333333334
CS171, Visualisation Maps Lecture, Proportional Symbol Maps,128.5,6.425,0.42833333333333334
CS171, Visualisation Maps Lecture, Flow Maps,128.5,6.425,0.42833333333333334
CS171, Visualisation Maps Lecture, Time Varying Maps,128.5,6.425,0.42833333333333334
CS171, Visualisation Maps Lecture, Thematic Maps,128.5,6.425,0.42833333333333334
CS171, Tableua Desktop Lecture, Tableau Intro,128.5,6.425,6.425
CS171, Perception Lecture, bottom-up & top-down brain,128.5,6.425,0.7138888888888889
CS171, Perception Lecture, the eye,128.5,6.425,0.7138888888888889
CS171, Perception Lecture, eye tracking summary,128.5,6.425,0.7138888888888889
CS171, Perception Lecture, receptive fields,128.5,6.425,0.7138888888888889
CS171, Perception Lecture, visual channels,128.5,6.425,0.7138888888888889
CS171, Perception Lecture, contrast/ layering,128.5,6.425,0.7138888888888889
CS171, Perception Lecture, color and motion pop-out,128.5,6.425,0.7138888888888889
CS171, Perception Lecture, separable & integral channels,128.5,6.425,0.7138888888888889
CS171, Perception Lecture, Gestalt principles,128.5,6.425,0.7138888888888889
CS171, Color Lecture, Tufte color,128.5,6.425,0.6425
CS171, Color Lecture, Color models,128.5,6.425,0.6425
CS171, Color Lecture, Additive and subtractive models,128.5,6.425,0.6425
CS171, Color Lecture, Visual systems,128.5,6.425,0.6425
CS171, Color Lecture, Color perception and illusions,128.5,6.425,0.6425
CS171, Color Lecture, Color blindness,128.5,6.425,0.6425
CS171, Color Lecture, RGB + HSL + LAB + Munsell,128.5,6.425,0.6425
CS171, Color Lecture, Color discriminability/ encodings,128.5,6.425,0.6425
CS171, Color Lecture, Normal colors,128.5,6.425,0.6425
CS171, Color Lecture, Color maps + Brewer + chroma.js,128.5,6.425,0.6425
CS171, Cognition Lecture, TBC,128.5,6.425,6.425
CS171, Storytelling Lecture, Visual design - 7 genres,128.5,6.425,1.0708333333333333
CS171, Storytelling Lecture, Visual design - beginning + middle + end,128.5,6.425,1.0708333333333333
CS171, Storytelling Lecture, Messaging - headline + caption + annotation,128.5,6.425,1.0708333333333333
CS171, Storytelling Lecture, Messaging - viewpoint + relatability + precision,128.5,6.425,1.0708333333333333
CS171, Storytelling Lecture, Interactivity - obvious interaction,128.5,6.425,1.0708333333333333
CS171, Storytelling Lecture, Interactivity - reactive & reset,128.5,6.425,1.0708333333333333
CS171, Lab 6, Object Orientated Javascript,128.5,6.425,1.60625
CS171, Lab 6, Classes Javascript,128.5,6.425,1.60625
CS109, Process + Data + Visual Attributes Lecture, Data Process,133.5,5.134615384615385,0.8557692307692307
CS109, Process + Data + Visual Attributes Lecture, Data Types,133.5,5.134615384615385,0.8557692307692307
CS109, Process + Data + Visual Attributes Lecture, Data Dimensions,133.5,5.134615384615385,0.8557692307692307
CS109, Process + Data + Visual Attributes Lecture, Data & Images,133.5,5.134615384615385,0.8557692307692307
CS109, Process + Data + Visual Attributes Lecture, Visual attributes,133.5,5.134615384615385,0.8557692307692307
CS109, Process + Data + Visual Attributes Lecture, Visualisations,133.5,5.134615384615385,0.8557692307692307
CS109, Lab 1, Basic Expressions,133.5,5.134615384615385,0.46678321678321677
CS109, Lab 1, Lists,133.5,5.134615384615385,0.46678321678321677
CS109, Lab 1, Dictionaries,133.5,5.134615384615385,0.46678321678321677
CS109, Lab 1, Tuples,133.5,5.134615384615385,0.46678321678321677
CS109, Lab 1, Functions,133.5,5.134615384615385,0.46678321678321677
CS109, Lab 1, Modules,133.5,5.134615384615385,0.46678321678321677
CS109, Statistical Graphs Lecture, Design Principle,133.5,5.134615384615385,0.42788461538461536
CS109, Statistical Graphs Lecture, Graph Types,133.5,5.134615384615385,0.42788461538461536
CS109, Statistical Graphs Lecture, Comparisons,133.5,5.134615384615385,0.42788461538461536
CS109, Statistical Graphs Lecture, Trends Over Time,133.5,5.134615384615385,0.42788461538461536
CS109, Statistical Graphs Lecture, Correlations,133.5,5.134615384615385,0.42788461538461536
CS109, Statistical Graphs Lecture, Distributions,133.5,5.134615384615385,0.42788461538461536
CS109, Statistical Graphs Lecture, Color,133.5,5.134615384615385,0.42788461538461536
CS109, Data Munging Lecture, Scraping Web Data,133.5,5.134615384615385,1.7115384615384615
CS109, Data Munging Lecture, Etiquette of Scraping,133.5,5.134615384615385,1.7115384615384615
CS109, Data Munging Lecture, Scraping Demonstration,133.5,5.134615384615385,1.7115384615384615
CS109, Lab 2, Basic Expressions & Web Scraping,133.5,5.134615384615385,1.2836538461538463
CS109, Statistical Models Lecture, Probability,133.5,5.134615384615385,5.134615384615385
CS109, Statistical Graphs Lecture, Parametric vs Non-Parametric,133.5,5.134615384615385,0.42788461538461536
CS109, Statistical Graphs Lecture, Length Biasing,133.5,5.134615384615385,0.42788461538461536
CS109, Statistical Graphs Lecture, Exponential Distribution,133.5,5.134615384615385,0.42788461538461536
CS109, Statistical Graphs Lecture, Binomial Distribution,133.5,5.134615384615385,0.42788461538461536
CS109, Statistical Graphs Lecture, Bootstrap,133.5,5.134615384615385,0.42788461538461536
CS109, Bias Sampling Lecture, Some Forms of Bias,133.5,5.134615384615385,1.0269230769230768
CS109, Bias Sampling Lecture, Sampling Schemes,133.5,5.134615384615385,1.0269230769230768
CS109, Bias Sampling Lecture, Bias of an Estimator,133.5,5.134615384615385,1.0269230769230768
CS109, Bias Sampling Lecture, Basu's Weighting,133.5,5.134615384615385,1.0269230769230768
CS109, Bias Sampling Lecture, Fisher Weighting,133.5,5.134615384615385,1.0269230769230768
CS109, Lab 3, Workshop on Pandas,133.5,5.134615384615385,0.8557692307692307
CS109, Lab 3, Visualisation Python,133.5,5.134615384615385,0.8557692307692307
CS109, Lab 3, Matplotlib Python,133.5,5.134615384615385,0.8557692307692307
CS109, Regression Lecture, Regression to the mean,133.5,5.134615384615385,1.0269230769230768
CS109, Regression Lecture, Linear Model,133.5,5.134615384615385,1.0269230769230768
CS109, Regression Lecture, Gauss-Markov Theorem,133.5,5.134615384615385,1.0269230769230768
CS109, Regression Lecture, Hat Matrix,133.5,5.134615384615385,1.0269230769230768
CS109, Regression Lecture, Logistic Regression,133.5,5.134615384615385,1.0269230769230768
CS109, High Dimensional Data Lecture, Data Types,133.5,5.134615384615385,0.39497041420118345
CS109, High Dimensional Data Lecture, Graphical Methods,133.5,5.134615384615385,0.39497041420118345
CS109, High Dimensional Data Lecture, Dimensionality Reduction MDS,133.5,5.134615384615385,0.39497041420118345
CS109, High Dimensional Data Lecture, Dimensionality Reduction PCA,133.5,5.134615384615385,0.39497041420118345
CS109, High Dimensional Data Lecture, Linear Methods,133.5,5.134615384615385,0.39497041420118345
CS109, Lab 4, Sci-Kit Learn,133.5,5.134615384615385,1.2836538461538463
CS109, Lab 4, Regression,133.5,5.134615384615385,1.2836538461538463
CS109, Lab 4, PCA,133.5,5.134615384615385,1.2836538461538463
CS109, Classification & Clustering Lecture, Classification,133.5,5.134615384615385,2.5673076923076925
CS109, Classification & Clustering Lecture, Clustering,133.5,5.134615384615385,2.5673076923076925
CS109, Thinking Bayesian Lecture, Bayesian Thinking,133.5,5.134615384615385,0.8557692307692307
CS109, Thinking Bayesian Lecture, Cross-Validation,133.5,5.134615384615385,0.8557692307692307
CS109, Thinking Bayesian Lecture, Bayesian Method,133.5,5.134615384615385,0.8557692307692307
CS109, Thinking Bayesian Lecture, MCMC,133.5,5.134615384615385,0.8557692307692307
CS109, Thinking Bayesian Lecture, Interval Estimation,133.5,5.134615384615385,0.8557692307692307
CS109, Thinking Bayesian Lecture, Conjugate Priors,133.5,5.134615384615385,0.8557692307692307
CS109, Lab 5, Bias,133.5,5.134615384615385,0.8557692307692307
CS109, Lab 5, Variance,133.5,5.134615384615385,0.8557692307692307
CS109, Lab 5, Cross-Validation,133.5,5.134615384615385,0.8557692307692307
CS109, Simulation & Bayesian Computation Lecture, Bayesian Data Analysis,133.5,5.134615384615385,0.8557692307692307
CS109, Simulation & Bayesian Computation Lecture, Bayesian Bandits,133.5,5.134615384615385,0.8557692307692307
CS109, Simulation & Bayesian Computation Lecture, LASSO and Sparsity,133.5,5.134615384615385,0.8557692307692307
CS109, Simulation & Bayesian Computation Lecture, Kidney Data Analysis,133.5,5.134615384615385,0.8557692307692307
CS109, Simulation & Bayesian Computation Lecture, Markov Chain Example,133.5,5.134615384615385,0.8557692307692307
CS109, Simulation & Bayesian Computation Lecture, MCM Cryptography,133.5,5.134615384615385,0.8557692307692307
CS109, Bayesian Contd Monte Carlo Lecture, Markov Chains,133.5,5.134615384615385,0.6418269230769231
CS109, Bayesian Contd Monte Carlo Lecture, Likelihood Ratios,133.5,5.134615384615385,0.6418269230769231
CS109, Bayesian Contd Monte Carlo Lecture, MCMC,133.5,5.134615384615385,0.6418269230769231
CS109, Bayesian Contd Monte Carlo Lecture, Hidden Makov Models,133.5,5.134615384615385,0.6418269230769231
CS109, Bayesian Contd Monte Carlo Lecture, Networks,133.5,5.134615384615385,0.6418269230769231
CS109, Bayesian Contd Monte Carlo Lecture, MCMC Generate Networks,133.5,5.134615384615385,0.6418269230769231
CS109, Bayesian Contd Monte Carlo Lecture, Gibbs Sampler + Metropolis Hastings,133.5,5.134615384615385,0.6418269230769231
CS109, Bayesian Contd Monte Carlo Lecture, Hierarchical Models,133.5,5.134615384615385,0.6418269230769231
CS109, Lab 6, Bayesian Analysis,133.5,5.134615384615385,1.2836538461538463
CS109, Lab 6, SciKit Learn,133.5,5.134615384615385,1.2836538461538463
CS109, Practical Machine Learning Lecture, Supervised Learning - SVM,133.5,5.134615384615385,0.8557692307692307
CS109, Practical Machine Learning Lecture, Supervised Learning - Decision Tree,133.5,5.134615384615385,0.8557692307692307
CS109, Practical Machine Learning Lecture, Supervised Learning - Boosting,133.5,5.134615384615385,0.8557692307692307
CS109, Practical Machine Learning Lecture, Supervised Learning - Random Forest,133.5,5.134615384615385,0.8557692307692307
CS109, Practical Machine Learning Lecture, Unsupervised Learning - K-Means,133.5,5.134615384615385,0.8557692307692307
CS109, Practical Machine Learning Lecture, Unsupervised Learning - Mean Shift,133.5,5.134615384615385,0.8557692307692307
CS109, EC2 + AWS + MapReduce + MrJOB Lecture, Map Reduce,133.5,5.134615384615385,1.0269230769230768
CS109, EC2 + AWS + MapReduce + MrJOB Lecture, Python Generators,133.5,5.134615384615385,1.0269230769230768
CS109, EC2 + AWS + MapReduce + MrJOB Lecture, Combiner,133.5,5.134615384615385,1.0269230769230768
CS109, EC2 + AWS + MapReduce + MrJOB Lecture, JSON Encoding,133.5,5.134615384615385,1.0269230769230768
CS109, Trees + Networks + Databases Lecture, Trees,133.5,5.134615384615385,0.8557692307692307
CS109, Trees + Networks + Databases Lecture, Networks,133.5,5.134615384615385,0.8557692307692307
CS109, Trees + Networks + Databases Lecture, Radial Layouts,133.5,5.134615384615385,0.8557692307692307
CS109, Trees + Networks + Databases Lecture, Matrices,133.5,5.134615384615385,0.8557692307692307
CS109, Trees + Networks + Databases Lecture, Tools & Applications,133.5,5.134615384615385,0.8557692307692307
CS109, Trees + Networks + Databases Lecture, Databases,133.5,5.134615384615385,0.8557692307692307
CS109, Lab 7, Basic ML,133.5,5.134615384615385,1.7115384615384615
CS109, Lab 7, EC2,133.5,5.134615384615385,1.7115384615384615
CS109, Lab 7, MRJob,133.5,5.134615384615385,1.7115384615384615
CS109, EC2 + AWS + MapReduce + MrJOB Lecture, JSON Encoding,133.5,5.134615384615385,1.0269230769230768
CS109, Network Vis & Gephi Lecture, Graphs,133.5,5.134615384615385,1.2836538461538463
CS109, Network Vis & Gephi Lecture, Networks,133.5,5.134615384615385,1.2836538461538463
CS109, Network Vis & Gephi Lecture, Power Laws,133.5,5.134615384615385,1.2836538461538463
CS109, Network Vis & Gephi Lecture, Models,133.5,5.134615384615385,1.2836538461538463
CS109, Lab 8, Basic ML,133.5,5.134615384615385,1.7115384615384615
CS109, Lab 8, EC2,133.5,5.134615384615385,1.7115384615384615
CS109, Lab 8, MRJob,133.5,5.134615384615385,1.7115384615384615
CS109, Networks II Lecture, Centrality Measures,133.5,5.134615384615385,0.7335164835164835
CS109, Networks II Lecture, Community Detection,133.5,5.134615384615385,0.7335164835164835
CS109, Networks II Lecture, Respondent Driven Sampling,133.5,5.134615384615385,0.7335164835164835
CS109, Visual Storytelling & Messaging Lecture, Effective Communication,133.5,5.134615384615385,5.134615384615385
CS109, Networks II Lecture, Simplicity,133.5,5.134615384615385,0.7335164835164835
CS109, Networks II Lecture, Visual Design,133.5,5.134615384615385,0.7335164835164835
CS109, Networks II Lecture, Messaging,133.5,5.134615384615385,0.7335164835164835
CS109, Networks II Lecture, Visual Storytelling,133.5,5.134615384615385,0.7335164835164835
CS109, SVM & Random Forest Lecture, Hierarchical Clustering,133.5,5.134615384615385,1.7115384615384615
CS109, SVM & Random Forest Lecture, SVM's,133.5,5.134615384615385,1.7115384615384615
CS109, SVM & Random Forest Lecture, Neural Networks,133.5,5.134615384615385,1.7115384615384615
Machine Learning, Introduction, Introduction,,,
Machine Learning, Introduction, Octave Tutorial,,,
Machine Learning, Linear Algebra Review, Matrices and Vectors,,,
Machine Learning, Linear Algebra Review, Addition and Scalar Multiplication,,,
Machine Learning, Linear Algebra Review, Vector Multiplication,,,
Machine Learning, Linear Algebra Review, Matrix Multiplication,,,
Machine Learning, Linear Algebra Review, Inverse and Transpose,,,
Machine Learning, Linear Regression, Cost Function,,,
Machine Learning, Linear Regression," Gradient Descent with One Variable
",,,
Machine Learning, Linear Regression," Gradient Descent with Multiple Variables
",,,
Machine Learning, Linear Regression," Features and Polynomial Regression
",,,
Machine Learning, Linear Regression," Normal Equation
",,,
Machine Learning, Linear Regression," Regularization
",,,
Machine Learning, Logistic Regression," Classification
",,,
Machine Learning, Logistic Regression," Hypothesis Representation
",,,
Machine Learning, Logistic Regression," Decision Boundary
",,,
Machine Learning, Logistic Regression," Cost Function
",,,
Machine Learning, Logistic Regression," Multiclass Classification
",,,
Machine Learning, Logistic Regression," Regularization
",,,
Machine Learning, Neural Networks," Non linear Hypotheses
",,,
Machine Learning, Neural Networks," Model Representation
",,,
Machine Learning, Neural Networks," Multiclass Classification
",,,
Machine Learning, Neural Networks," Cost Function
",,,
Machine Learning, Neural Networks," Backpropagation
",,,
Machine Learning, Neural Networks," Implementation
",,,
Machine Learning, Neural Networks," Gradient Checking
",,,
Machine Learning, Neural Networks," Random Initialisation
",,,
Machine Learning, Support Vector Machines," Optimisation Objective
",,,
Machine Learning, Support Vector Machines," Large Margin Intuition
",,,
Machine Learning, Support Vector Machines," Kernels
",,,
Machine Learning, Support Vector Machines," Using an SVM
",,,
Machine Learning, Clustering," Unsupervised Learning
",,,
Machine Learning, Clustering," K-means Algorithm
",,,
Machine Learning, Clustering," Optimisation Objective
",,,
Machine Learning, Clustering," Random Initialization
",,,
Machine Learning, Clustering," Choosing the number of clusters
",,,
Machine Learning, Dimensionality Reduction," Data Compression
",,,
Machine Learning, Dimensionality Reduction," Visualisation
",,,
Machine Learning, Dimensionality Reduction," Principal Component Analysis
",,,
Machine Learning, Dimensionality Reduction," Choosing the number of PCs
",,,
Machine Learning, Dimensionality Reduction," Reconstruction from Compressed Representation
",,,
Machine Learning, Dimensionality Reduction," Advice for Applying PCA
",,,
Machine Learning, Anomaly Detection," Motivation
",,,
Machine Learning, Anomaly Detection," Gaussian Distribution
",,,
Machine Learning, Anomaly Detection," Algorithms
",,,
Machine Learning, Anomaly Detection," Developing and Evaluating an Anomaly Detection System
",,,
Machine Learning, Anomaly Detection," Anomaly Detection vs. Supervised Learning
",,,
Machine Learning, Anomaly Detection," What Features to Use
",,,
Machine Learning, Anomaly Detection," Multivariate Gaussian Distribution
",,,
Machine Learning, Recommender Systems," Content Based Recommendations
",,,
Machine Learning, Recommender Systems," Collaborative Filtering Algorithm
",,,
Machine Learning, Recommender Systems," Vectorization
",,,
Machine Learning, Recommender Systems," Implementation
",,,
Machine Learning, Advice for Applying ML," Deciding what to try
",,,
Machine Learning, Advice for Applying ML," Evaluating a Hypothesis
",,,
Machine Learning, Advice for Applying ML," Model Selection and Train / Validation
",,,
Machine Learning, Advice for Applying ML," Bias vs. Variance
",,,
Machine Learning, Advice for Applying ML," Regularisation and Bias vs. Variance
",,,
Machine Learning, Advice for Applying ML," Learning Curves
",,,
Machine Learning, Advice for Applying ML," What to do next ?
",,,
Machine Learning, ML System Design," Prioritization
",,,
Machine Learning, ML System Design," Error Analysis
",,,
Machine Learning, ML System Design," Trade-off Precision and Recall
",,,
Machine Learning, ML System Design," Data for ML
",,,
Machine Learning, Large Scale Machine Learning," Learning with Large Datasets
",,,
Machine Learning, Large Scale Machine Learning," Stochastic Gradient Descent
",,,
Machine Learning, Large Scale Machine Learning," Mini-bathc gradient descent
",,,
Machine Learning, Large Scale Machine Learning," Stochastic gradient descent convergence
",,,
Machine Learning, Large Scale Machine Learning," Online Learning
",,,
Machine Learning, Large Scale Machine Learning," Map Reduce and Parallelism 
",,,
Machine Learning, Conclusion," Application Examples
",,,
Machine Learning, Conclusion," Conclusions
",,,
Stats 110, Lecture 1," sample spaces
",150.0,4.411764705882353,1.1029411764705883
Stats 110, Lecture 1," naive definition of probability
",150.0,4.411764705882353,1.1029411764705883
Stats 110, Lecture 1," counting
",150.0,4.411764705882353,1.1029411764705883
Stats 110, Lecture 1," sampling
",150.0,4.411764705882353,1.1029411764705883
Stats 110, Lecture 2," Bose-Einstein
",150.0,4.411764705882353,1.1029411764705883
Stats 110, Lecture 2," story proofs
",150.0,4.411764705882353,1.1029411764705883
Stats 110, Lecture 2," Vandermonde identity
",150.0,4.411764705882353,1.1029411764705883
Stats 110, Lecture 2," axioms of probability 
",150.0,4.411764705882353,1.1029411764705883
Stats 110, Lecture 3," birthday problem
",150.0,4.411764705882353,1.1029411764705883
Stats 110, Lecture 3," properties of probability
",150.0,4.411764705882353,1.1029411764705883
Stats 110, Lecture 3," inclusion-exclusion
",150.0,4.411764705882353,1.1029411764705883
Stats 110, Lecture 3," matching problem
",150.0,4.411764705882353,1.1029411764705883
Stats 110, Lecture 4," independence
",150.0,4.411764705882353,1.1029411764705883
Stats 110, Lecture 4," Newton-Pepys
",150.0,4.411764705882353,1.1029411764705883
Stats 110, Lecture 4," conditional probability
",150.0,4.411764705882353,1.1029411764705883
Stats 110, Lecture 4," Bayes’ rule
",150.0,4.411764705882353,1.1029411764705883
Stats 110, Lecture 5," law of total probability
",150.0,4.411764705882353,1.4705882352941178
Stats 110, Lecture 5," conditional probability examples
",150.0,4.411764705882353,1.4705882352941178
Stats 110, Lecture 5," conditional independence
",150.0,4.411764705882353,1.4705882352941178
Stats 110, Lecture 6," Monty Hall problem
",150.0,4.411764705882353,2.2058823529411766
Stats 110, Lecture 6," Simpson’s paradox
",150.0,4.411764705882353,2.2058823529411766
Stats 110, Lecture 7," gambler’s ruin
",150.0,4.411764705882353,0.8823529411764706
Stats 110, Lecture 7," first step analysis
",150.0,4.411764705882353,0.8823529411764706
Stats 110, Lecture 7," random variables
",150.0,4.411764705882353,0.8823529411764706
Stats 110, Lecture 7," Bernoulli
",150.0,4.411764705882353,0.8823529411764706
Stats 110, Lecture 7," Binomial
",150.0,4.411764705882353,0.8823529411764706
Stats 110, Lecture 8," random variables
",150.0,4.411764705882353,1.1029411764705883
Stats 110, Lecture 8," CDFs
",150.0,4.411764705882353,1.1029411764705883
Stats 110, Lecture 8," PMFs
",150.0,4.411764705882353,1.1029411764705883
Stats 110, Lecture 8," Hypergeometric
",150.0,4.411764705882353,1.1029411764705883
Stats 110, Lecture 9," independence
",150.0,4.411764705882353,0.6302521008403361
Stats 110, Lecture 9," Geometric
",150.0,4.411764705882353,0.6302521008403361
Stats 110, Lecture 9," expected values
",150.0,4.411764705882353,0.6302521008403361
Stats 110, Lecture 9," indicator r.v.s
",150.0,4.411764705882353,0.6302521008403361
Stats 110, Lecture 9," linearity
",150.0,4.411764705882353,0.6302521008403361
Stats 110, Lecture 9," symmetry
",150.0,4.411764705882353,0.6302521008403361
Stats 110, Lecture 9," fundamental bridge
",150.0,4.411764705882353,0.6302521008403361
Stats 110, Lecture 10," linearity
",150.0,4.411764705882353,1.1029411764705883
Stats 110, Lecture 10," Putnam problem
",150.0,4.411764705882353,1.1029411764705883
Stats 110, Lecture 10," Negative Binomial
",150.0,4.411764705882353,1.1029411764705883
Stats 110, Lecture 10," St. Petersburg paradox
",150.0,4.411764705882353,1.1029411764705883
Stats 110, Lecture 11," sympathetic magic
",150.0,4.411764705882353,1.4705882352941178
Stats 110, Lecture 11," Poisson distribution
",150.0,4.411764705882353,1.4705882352941178
Stats 110, Lecture 11," Poisson approximation
",150.0,4.411764705882353,1.4705882352941178
Stats 110, Lecture 12," discrete vs. continuous
",150.0,4.411764705882353,0.7352941176470589
Stats 110, Lecture 12," PDFs
",150.0,4.411764705882353,0.7352941176470589
Stats 110, Lecture 12," variance
",150.0,4.411764705882353,0.7352941176470589
Stats 110, Lecture 12," standard deviation
",150.0,4.411764705882353,0.7352941176470589
Stats 110, Lecture 12," Uniform
",150.0,4.411764705882353,0.7352941176470589
Stats 110, Lecture 12," universality
",150.0,4.411764705882353,0.7352941176470589
Stats 110, Lecture 13," standard Normal
",150.0,4.411764705882353,2.2058823529411766
Stats 110, Lecture 13," Normal normalizing constant
",150.0,4.411764705882353,2.2058823529411766
Stats 110, Lecture 14," Normal distribution
",150.0,4.411764705882353,1.4705882352941178
Stats 110, Lecture 14," standardization
",150.0,4.411764705882353,1.4705882352941178
Stats 110, Lecture 14," LOTUS
",150.0,4.411764705882353,1.4705882352941178
Stats 110, Lecture 15," midterm review
",150.0,4.411764705882353,2.2058823529411766
Stats 110, Lecture 15," extra examples
",150.0,4.411764705882353,2.2058823529411766
Stats 110, Lecture 16," Exponential distribution
",150.0,4.411764705882353,2.2058823529411766
Stats 110, Lecture 16," memoryless property
",150.0,4.411764705882353,2.2058823529411766
Stats 110, Lecture 17," moment generating functions
",150.0,4.411764705882353,1.4705882352941178
Stats 110, Lecture 17," hybrid Bayes’ rule
",150.0,4.411764705882353,1.4705882352941178
Stats 110, Lecture 17," Laplace’s rule of succession
",150.0,4.411764705882353,1.4705882352941178
Stats 110, Lecture 18," MGFs to get moments of Expo and Normal
",150.0,4.411764705882353,1.4705882352941178
Stats 110, Lecture 18," sums of Poissons
",150.0,4.411764705882353,1.4705882352941178
Stats 110, Lecture 18," joint distributions
",150.0,4.411764705882353,1.4705882352941178
Stats 110, Lecture 19," joint
",150.0,4.411764705882353,1.1029411764705883
Stats 110, Lecture 19," conditional and marginal distributions
",150.0,4.411764705882353,1.1029411764705883
Stats 110, Lecture 19," 2-D LOTUS
",150.0,4.411764705882353,1.1029411764705883
Stats 110, Lecture 19," chicken-egg
",150.0,4.411764705882353,1.1029411764705883
Stats 110, Lecture 20," expected distance between Normals
",150.0,4.411764705882353,1.4705882352941178
Stats 110, Lecture 20," Multinomial
",150.0,4.411764705882353,1.4705882352941178
Stats 110, Lecture 20," Cauchy
",150.0,4.411764705882353,1.4705882352941178
Stats 110, Lecture 21," covariance
",150.0,4.411764705882353,1.1029411764705883
Stats 110, Lecture 21," correlation
",150.0,4.411764705882353,1.1029411764705883
Stats 110, Lecture 21," variance of a sum
",150.0,4.411764705882353,1.1029411764705883
Stats 110, Lecture 21," variance of Hypergeometric
",150.0,4.411764705882353,1.1029411764705883
Stats 110, Lecture 22," transformations
",150.0,4.411764705882353,1.1029411764705883
Stats 110, Lecture 22," LogNormal
",150.0,4.411764705882353,1.1029411764705883
Stats 110, Lecture 22," convolutions
",150.0,4.411764705882353,1.1029411764705883
Stats 110, Lecture 22," the probabilistic method
",150.0,4.411764705882353,1.1029411764705883
Stats 110, Lecture 23," Beta distribution
",150.0,4.411764705882353,1.4705882352941178
Stats 110, Lecture 23," Bayes’ billiards
",150.0,4.411764705882353,1.4705882352941178
Stats 110, Lecture 23," finance preview and examples
",150.0,4.411764705882353,1.4705882352941178
Stats 110, Lecture 24," Gamma distribution
",150.0,4.411764705882353,2.2058823529411766
Stats 110, Lecture 24," Poisson processes
",150.0,4.411764705882353,2.2058823529411766
Stats 110, Lecture 25," Beta-Gamma (bank-post office)
",150.0,4.411764705882353,1.1029411764705883
Stats 110, Lecture 25," order statistics
",150.0,4.411764705882353,1.1029411764705883
Stats 110, Lecture 25," conditional expectation
",150.0,4.411764705882353,1.1029411764705883
Stats 110, Lecture 25," two envelope paradox
",150.0,4.411764705882353,1.1029411764705883
Stats 110, Lecture 26," two envelope paradox (cont.)
",150.0,4.411764705882353,1.4705882352941178
Stats 110, Lecture 26," conditional expectation (cont.)
",150.0,4.411764705882353,1.4705882352941178
Stats 110, Lecture 26," waiting for HT vs. waiting for HH
",150.0,4.411764705882353,1.4705882352941178
Stats 110, Lecture 27," conditional expectation (cont.)
",150.0,4.411764705882353,1.1029411764705883
Stats 110, Lecture 27," taking out what’s known
",150.0,4.411764705882353,1.1029411764705883
Stats 110, Lecture 27," Adam’s law
",150.0,4.411764705882353,1.1029411764705883
Stats 110, Lecture 27," Eve’s law
",150.0,4.411764705882353,1.1029411764705883
Stats 110, Lecture 28," sum of a random number of random variables
",150.0,4.411764705882353,2.2058823529411766
Stats 110, Lecture 28, inequalities (Cauchy-Schwarz,150.0,4.411764705882353,2.2058823529411766
Stats 110, Lecture 29," law of large numbers
",150.0,4.411764705882353,2.2058823529411766
Stats 110, Lecture 29," central limit theorem
",150.0,4.411764705882353,2.2058823529411766
Stats 110, Lecture 30," Chi-Square
",150.0,4.411764705882353,1.4705882352941178
Stats 110, Lecture 30," Student-t
",150.0,4.411764705882353,1.4705882352941178
Stats 110, Lecture 30," Multivariate Normal
",150.0,4.411764705882353,1.4705882352941178
Stats 110, Lecture 31," Markov chains
",150.0,4.411764705882353,1.4705882352941178
Stats 110, Lecture 31," transition matrix
",150.0,4.411764705882353,1.4705882352941178
Stats 110, Lecture 31," stationary distribution
",150.0,4.411764705882353,1.4705882352941178
Stats 110, Lecture 32," Markov chains (cont.)
",150.0,4.411764705882353,1.1029411764705883
Stats 110, Lecture 32," irreducibility
",150.0,4.411764705882353,1.1029411764705883
Stats 110, Lecture 32," reversibility
",150.0,4.411764705882353,1.1029411764705883
Stats 110, Lecture 32," random walk on an undirected network
",150.0,4.411764705882353,1.1029411764705883
Stats 110, Lecture 33," Markov chains (cont.)
",150.0,4.411764705882353,2.2058823529411766
Stats 110, Lecture 33," Google PageRank as a Markov chain
",150.0,4.411764705882353,2.2058823529411766
Stats 110, Lecture 34," a look ahead
",150.0,4.411764705882353,4.411764705882353
Statistics Udacity, Lecture 1_," Introduction
",31.5,1.96875,1.96875
Statistics Udacity, Lecture 2_," Visualizing Data
",31.5,1.96875,1.96875
Statistics Udacity, Lecture 3_," Central Tendency
",31.5,1.96875,1.96875
Statistics Udacity, Lecture 4_," Variability
",31.5,1.96875,1.96875
Statistics Udacity, Lecture 5_," Standardizing
",31.5,1.96875,1.96875
Statistics Udacity, Lecture 6_," Normal Distribution
",31.5,1.96875,1.96875
Statistics Udacity, Lecture 7_," Sampling Distribution
",31.5,1.96875,1.96875
Statistics Udacity, Lecture 8_," Estimation
",31.5,1.96875,1.96875
Statistics Udacity, Lecture 9_," Hypothesis Testing
",31.5,1.96875,1.96875
Statistics Udacity, Lecture 10_," t-Tests
",31.5,1.96875,1.96875
Statistics Udacity, Lecture 11_," t-Tests
",31.5,1.96875,1.96875
Statistics Udacity, Lecture 12_," One-way ANOVA
",31.5,1.96875,1.96875
Statistics Udacity, Lecture 13_," ANOVA (cont.)
",31.5,1.96875,1.96875
Statistics Udacity, Lecture 14_," Correlation
",31.5,1.96875,1.96875
Statistics Udacity, Lecture 15_," Regression
",31.5,1.96875,1.96875
Statistics Udacity, Lecture 16_," Chi-Squared tests
",31.5,1.96875,1.96875
Stanford Databases, Introduction," Introduction
",42.5,6.071428571428571,2.0238095238095237
Stanford Databases, Relational Databases," Model
",42.5,6.071428571428571,2.0238095238095237
Stanford Databases, Relational Databases," Querying
",42.5,6.071428571428571,2.0238095238095237
Stanford Databases, Relational Databases," UML Language
",42.5,6.071428571428571,2.0238095238095237
Stanford Databases, Relational Algebra," Select
",42.5,6.071428571428571,1.0119047619047619
Stanford Databases, Relational Algebra," Project
",42.5,6.071428571428571,1.0119047619047619
Stanford Databases, Relational Algebra," Join
",42.5,6.071428571428571,1.0119047619047619
Stanford Databases, Relational Algebra," Set Operators
",42.5,6.071428571428571,1.0119047619047619
Stanford Databases, Relational Algebra," Rename
",42.5,6.071428571428571,1.0119047619047619
Stanford Databases, Relational Algebra," Notation
",42.5,6.071428571428571,1.0119047619047619
Stanford Databases, XML Data," Introduction
",42.5,6.071428571428571,1.0119047619047619
Stanford Databases, XML Data," DTDs
",42.5,6.071428571428571,1.0119047619047619
Stanford Databases, XML Data," IDs
",42.5,6.071428571428571,1.0119047619047619
Stanford Databases, XML Data," IDREFs
",42.5,6.071428571428571,1.0119047619047619
Stanford Databases, XML Data," XML Schema
",42.5,6.071428571428571,1.0119047619047619
Stanford Databases, XML Data," Querying
",42.5,6.071428571428571,1.0119047619047619
Stanford Databases, JSON Data," Introduction
",42.5,6.071428571428571,6.071428571428571
Stanford Databases, SQL," Introduction
",42.5,6.071428571428571,0.3373015873015873
Stanford Databases, SQL," Select
",42.5,6.071428571428571,0.3373015873015873
Stanford Databases, SQL," Set Operators
",42.5,6.071428571428571,0.3373015873015873
Stanford Databases, SQL," Where
",42.5,6.071428571428571,0.3373015873015873
Stanford Databases, SQL," From
",42.5,6.071428571428571,0.3373015873015873
Stanford Databases, SQL," Joins
",42.5,6.071428571428571,0.3373015873015873
Stanford Databases, SQL," Aggregation
",42.5,6.071428571428571,0.3373015873015873
Stanford Databases, SQL," NULL
",42.5,6.071428571428571,0.3373015873015873
Stanford Databases, SQL," Data modification statements
",42.5,6.071428571428571,0.3373015873015873
Stanford Databases, SQL," Indexes
",42.5,6.071428571428571,0.3373015873015873
Stanford Databases, SQL," Constraints
",42.5,6.071428571428571,0.3373015873015873
Stanford Databases, SQL," Triggers
",42.5,6.071428571428571,0.3373015873015873
Stanford Databases, SQL," Transactions
",42.5,6.071428571428571,0.3373015873015873
Stanford Databases, SQL," Isolations
",42.5,6.071428571428571,0.3373015873015873
Stanford Databases, SQL," Views
",42.5,6.071428571428571,0.3373015873015873
Stanford Databases, SQL," Authorisation
",42.5,6.071428571428571,0.3373015873015873
Stanford Databases, SQL," Recursion
",42.5,6.071428571428571,0.3373015873015873
Stanford Databases, SQL," OLAP
",42.5,6.071428571428571,0.3373015873015873
Stanford Databases, NoSQL," Motivation
",42.5,6.071428571428571,6.071428571428571
NLP, The Language Modeling Problem," Markov Processes
",48.5,8.083333333333334,2.6944444444444446
NLP, The Language Modeling Problem," Trigram Language Model
",48.5,8.083333333333334,2.6944444444444446
NLP, The Language Modeling Problem," Perplexity
",48.5,8.083333333333334,2.6944444444444446
NLP, Parameter Estimation in Language Models," Linear Interpolation
",48.5,8.083333333333334,4.041666666666667
NLP, Parameter Estimation in Language Models," Dicounting Methods
",48.5,8.083333333333334,4.041666666666667
NLP, Tagging Problems and Hidden Markov Models," Tagging Problem
",48.5,8.083333333333334,1.6166666666666667
NLP, Tagging Problems and Hidden Markov Models," Generative Models for Supervised Learning
",48.5,8.083333333333334,1.6166666666666667
NLP, Tagging Problems and Hidden Markov Models," Hidden Markov Model (HMM)
",48.5,8.083333333333334,1.6166666666666667
NLP, Tagging Problems and Hidden Markov Models," Parameter Estimation in HMM
",48.5,8.083333333333334,1.6166666666666667
NLP, Tagging Problems and Hidden Markov Models," Viterbi Algorithm
",48.5,8.083333333333334,1.6166666666666667
NLP, Parsing and Context-Free Grammars," Parsing Problem
",48.5,8.083333333333334,2.6944444444444446
NLP, Parsing and Context-Free Grammars," Context-Free Grammar
",48.5,8.083333333333334,2.6944444444444446
NLP, Parsing and Context-Free Grammars," A Simple Grammar for English
",48.5,8.083333333333334,2.6944444444444446
NLP, Probabilistic Context-Free Grammars (PCFGs)," Basics of PCFGs
",48.5,8.083333333333334,2.6944444444444446
NLP, Probabilistic Context-Free Grammars (PCFGs)," CKY Parsing Algorithm
",48.5,8.083333333333334,2.6944444444444446
NLP, Probabilistic Context-Free Grammars (PCFGs)," Weaknesses of PCFGs
",48.5,8.083333333333334,2.6944444444444446
NLP, Lexicalized PCFGs," Lexicalization of a Treebank
",48.5,8.083333333333334,2.6944444444444446
NLP, Lexicalized PCFGs," Parameter Estimation in Lexicalised PCFGs
",48.5,8.083333333333334,2.6944444444444446
NLP, Lexicalized PCFGs," Evaluation of Lexicalised PCFGs
",48.5,8.083333333333334,2.6944444444444446
Probabilistic Sys, Bayesian Statistical Inference I Lecture, Inference Model,18.0,3.6,0.9
Probabilistic Sys, Bayesian Statistical Inference I Lecture, Hypothesis Test,18.0,3.6,0.9
Probabilistic Sys, Bayesian Statistical Inference I Lecture, Estimation,18.0,3.6,0.9
Probabilistic Sys, Bayesian Statistical Inference I Lecture, LMS Estimation,18.0,3.6,0.9
Probabilistic Sys, Bayesian Statistical Inference II Lecture, MAP Estimate,18.0,3.6,0.9
Probabilistic Sys, Bayesian Statistical Inference II Lecture, MSE Estimate,18.0,3.6,0.9
Probabilistic Sys, Bayesian Statistical Inference II Lecture, LMS Estimate,18.0,3.6,0.9
Probabilistic Sys, Bayesian Statistical Inference II Lecture, Linear LMS Estimate,18.0,3.6,0.9
Probabilistic Sys, Classical Statistical Inference I Lecture, Inference Model,18.0,3.6,0.9
Probabilistic Sys, Classical Statistical Inference I Lecture, MLE,18.0,3.6,0.9
Probabilistic Sys, Classical Statistical Inference I Lecture, MSE,18.0,3.6,0.9
Probabilistic Sys, Classical Statistical Inference I Lecture, Confidence Intervals,18.0,3.6,0.9
Probabilistic Sys, Classical Inference II Lecture, MLE Estimate,18.0,3.6,0.9
Probabilistic Sys, Classical Inference II Lecture, Confidence Intervals,18.0,3.6,0.9
Probabilistic Sys, Classical Inference II Lecture, Linear Regression,18.0,3.6,0.9
Probabilistic Sys, Classical Inference II Lecture, Binary Hypothesis Test,18.0,3.6,0.9
Probabilistic Sys, Classical Inference III Course Overview Lecture, Binary Hypothesis Test,18.0,3.6,1.8
Probabilistic Sys, Classical Inference III Course Overview Lecture, Composite Test,18.0,3.6,1.8