Course,Chapter,Topic,Avg_hours
CS106A, Chapter 2, Algorithm vs Program,5.0
CS106A, Chapter 2, Creating Methods,5.0
CS106A, Chapter 2, for Loop and While Loop,5.0
CS106A, Chapter 2, If Statement and Putting it All Together,5.0
CS106A, Chapter 3, Common Errors,5.0
CS106A, Chapter 3, Comments,5.0
CS106A, Chapter 3, Pre-conditions and Post-conditions,5.0
CS106A, Chapter 3, Decomposition,5.0
CS106A, Chapter 3, Importance of Good Software Engineering,5.0
CS106A, Chapter 3, The Right Decomposition,5.0
CS106A, Chapter 4, The History of Computing,5.0
CS106A, Chapter 4, Computer Science vs Programming,5.0
CS106A, Chapter 4, The Compilation Process,5.0
CS106A, Chapter 4, Java is an Object Oriented Language,5.0
CS106A, Chapter 4, Inheritance,v
CS106A, Chapter 4, Instance of a Class,5.0
CS106A, Chapter 4, The acm.program Hierarchy,5.0
CS106A, Chapter 4, Your First Java Program,5.0
CS106A, Chapter 5, Variables,5.0
CS106A, Chapter 5, Data Types and Syntax of Variables,5.0
CS106A, Chapter 5, Classes as Types Objects as Variables,5.0
CS106A, Chapter 5, Invoking Methods on Objects,5.0
CS106A, Chapter 5, Graphics Coordinates and Operations,5.0
CS106A, Chapter 5, Expressions and Operators,5.0
CS106A, Chapter 6, readInt() and readDouble(),5.0
CS106A, Chapter 6, The Division Operator w.r.t ints and Doubles,5.0
CS106A, Chapter 6, Order of Precedence for Operators,5.0
CS106A, Chapter 6, Type Casting,5.0
CS106A, Chapter 6, Shorthands,5.0
CS106A, Chapter 6, Constants,5.0
CS106A, Chapter 6, The Boolean Data Type,5.0
CS106A, Chapter 6, Value Comparisons,5.0,
CS106A, Chapter 6, Statement Blocks,5.0
CS106A, Chapter 6, Scope of Variables,
CS106A, Chapter 6, Cascading if,5.0
CS106A, Chapter 6, The Switch Statement,5.0
CS106A, Chapter 6, The For Loop and While Loop,5.0
CS106A, Chapter 7, The Loop and a Half Problem,5.0
CS106A, Chapter 7, For Versus While Loop,5.0
CS106A, Chapter 7, The CheckerBoard Program Example,5.0
CS106A, Chapter 7, Methods in Java,5.0
CS106A, Chapter 7, The FactorialExample Program,5.0
CS106A, Chapter 7, Returning Objects from Methods,5.0
CS106A, Chapter 8, Information Hiding,5.0
CS106A, Chapter 8, The Void Return Type,5.0
CS106A, Chapter 8, Parameter Passing Between Methods,5.0
CS106A, Chapter 8, Bad Times with Methods-Using Classes,5.0
CS106A, Chapter 8, Instance variables vs Local Variables,5.0
CS106A, Chapter 8, The RandomGenerator Program Example,5.0
CS106A, Chapter 8, The RollDice Program Example,5.0
CS106A, Chapter 8, The setSeed() Method,5.0
CS106A, Chapter 9, Strings,5.0
CS106A, Chapter 9, Writing Your Own Class,5.0
CS106A, Chapter 9, Public and Private Visibility,5.0
CS106A, Chapter 9, Creating a New Class - The Constructor Method +'this' Keyword,5.0
CS106A, Chapter 9, Using the Created Class,5.0
CS106A, Chapter 9, Objects are Called by Reference not Called by Value-Class Variables,5.0 
CS106A, Chapter 9, The Student Program Example,5.0
CS106A, Chapter 10, Importance of Private Variables,5.0
CS106A, Chapter 10, Extending the Student Class,5.0
CS106A, Chapter 10, Overriding Methods,5.0
CS106A, Chapter 10, Methods Common to All GObjects,5.0
CS106A, Chapter 10, Interfaces and Methods Defined by Them,5.0
CS106A, Chapter 10, The BouncingBall Program Example,5.0
CS106A, Chapter 11, The GImage GShape Classes,5.0
CS106A, Chapter 11, Event Driven Programs,5.0
CS106A, Chapter 11, The ClickForFace Program Example,5.0
CS106A, Chapter 11, Responding to Mouse and Keyboard Events,5.0
CS106A, Chapter 11, The UFO program Example,5.0
CS106A, Chapter 12, Enumeration and Characters,5.0
CS106A, Chapter 12, The ASCII Subset of Unicode,5.0
CS106A, Chapter 12, Reading Characters and Math on Characters,5.0
CS106A, Chapter 12, char as a Primitive Type and the Character Class,5.0
CS106A, Chapter 12, Strings and Their Manipulations,5.0
CS106A, Chapter 13, String Processing,5.0
CS106A, Chapter 13, Tokenizers,5.0
CS106A, Chapter 13, Encryption,5.0
CS106A, Chapter 14, Memory,5.0
CS106A, Chapter 14, Different Sections of Memory for Different Types of Variables,5.0
CS106A, Chapter 14, Memory Allocation Mechanics,5.0
CS106A, Chapter 14, The Pointer Viewpoint,5.0
CS106A, Chapter 14, The Binky Pointer Fun Video,5.0
CS106A, Chapter 15, Pointer Recap and Object 'Call by Reference' Instead of 'Call of Value'?,5.0
CS106A, Chapter 15, Wrapper Classes for Primitive Types,5.0
CS106A, Chapter 15, Files and Code for Opening- Reading&Closing Files,5.0
CS106A, Chapter 15, Exceptions,5.0
CS106A, Chapter 15, Code for Writing Files,5.0
CS106A, Chapter 16, Array and Array Creation,5.0
CS106A, Chapter 16, The ++ Operator,5.0
CS106A, Chapter 16, Actual Size / Effective Size of the Array,5.0
CS106A, Chapter 16, An Array as a Parameter,5.0
CS106A, Chapter 16, Initialize an Array During Creation,5.0
CS106A, Chapter 16, An ArrayList,5.0
CS106A, Chapter 17, Multi-dimensional Arrays,5.0
CS106A, Chapter 17, An ArrayList,5.0
CS106A, Chapter 17, The Template Class,5.0
CS106A, Chapter 17, Methods in the ArrayList Class and Example Program,5.0
CS106A, Chapter 17, ArrayLists Hold Objects,5.0
CS106A, Chapter 17, Example Program with an ArrayList of Glabels and GrayImage Program,5.0
CS106A, Chapter 18, A Wrap Up of Multi-dimensional Arrays,5.0
CS106A, Chapter 18, The ArrayList Way, Pros and Cons : ArrayList vs. Array,5.0
CS106A, Chapter 18, Debugging and Approaches to Debugging,5.0
CS106A, Chapter 19, An Interface and Implementation,5.0
CS106A, Chapter 19, A Map,5.0
CS106A, Chapter 19, The HashMap Class and Mehtods The Collection Hierarchy,5.0
CS106A, Chapter 19, The Map Hierarchy,5.0
CS106A, Chapter 19, An Iterator,5.0
CS106A, Chapter 19, A HashMap Example,5.0
CS106A, Chapter 20, GUI,5.0
CS106A, Chapter 20, Interactors in the Context of a Java Program,5.0
CS106A, Chapter 20, The Swing Interactor Hierarchy,5.0
CS106A, Chapter 20, Window Regions,5.0
CS106A, Chapter 20, Creating Interactors,5.0
CS106A, Chapter 20, Exploring More Interactors,5.0
CS106A, Chapter 20, The InteractiveDrawFace Program Example,5.0
CS106A, Chapter 21, Review of Interactors and Listeners,5.0
CS106A, Chapter 21, TextField Example,5.0
CS106A, Chapter 21, Layouts,5.0
CS106A, Chapter 21, The Temperature Conversion Example,5.0
CS106A, Chapter 21, The TextAndGraphics Example,5.0
CS106A, Chapter 22, Components and Containers,5.0
CS106A, Chapter 22, Listeners for Components,5.0
CS106A, Chapter 22, Create a Program Which Extends Program,5.0
CS106A, Chapter 22, The ComponentListener Interface,5.0
CS106A, Chapter 22, The MusicShop Example Program,5.0
CS106A, Chapter 22, The MusicShopDisplay Example Program,5.0
CS106A, Chapter 23, Introduction to Lecture's material - Searching,5.0
CS106A, Chapter 23, Searching,5.0
CS106A, Chapter 23, Linear Search and Binary Search Efficiency,5.0
CS106A, Chapter 23, Comparing Search Efficiencies,5.0
CS106A, Chapter 23, Sorting,5.0
CS106A, Chapter 23, Selection Sort Algorithm Efficiency,5.0
CS106A, Chapter 23, The Radix Sort Algorithm,5.0
CS106A, Chapter 24, Principles of Good Software Engineering for Managing Large Amounts of Data,5.0
CS106A, Chapter 24, Principles of Design,5.0
CS106A, Chapter 24, The Collection Hierarchy,5.0
CS106A, Chapter 24, Useful Methods of Collection,5.0
CS106A, Chapter 24, The FlyTunes Example Program - An Online Music Store,5.0
CS106A, Chapter 24, Reusing Data - Shallow Copy vs. Deep Copy,5.0
CS106A, Chapter 25, Defining a Social Network for Our Purposes,5.0
CS106A, Chapter 25, See What the Program Needs to Do,5.0
CS106A, Chapter 25, The Six Degrees of Separation Phenomenon,5.0
CS106A, Chapter 25, Concurrency,5.0
CS106A, Chapter 25, A Thread,5.0
CS106A, Chapter 25, The Runnable Interface,5.0
CS106A, Chapter 25, Having Shared Data Between Your Threads,5.0
CS106A, Chapter 26, Introduction to the Standard Java Libraries,5.0
CS106A, Chapter 26, JAR Files and JAR File Creation,5.0
CS106A, Chapter 26, Creating an Applet,5.0
CS106A, Chapter 26, Standard Java Programs Without Using the ACM Libraries,5.0
CS106A, Chapter 26, Other Resources - Learning More Java,5.0
CS106B, Chapter 2, Similarity between C++ & Java,3.359375
CS106B, Chapter 2, #include Statements,3.359375
CS106B, Chapter 2, Global Declarations (constant),3.359375
CS106B, Chapter 2, Declaring a Function Prototype,3.359375
CS106B, Chapter 2, The main() Function,3.359375
CS106B, Chapter 2, C++ User Defined Data Types,3.359375
CS106B, Chapter 2, C++ Parameters Passing,3.359375
CS106B, Chapter 3, C++ Libraries,3.359375
CS106B, Chapter 3, C++ String Type & Operations on String,3.359375
CS106B, Chapter 3, C++ Console I/O,3.359375
CS106B, Chapter 4, C++ File I/O,3.359375
CS106B, Chapter 4, Stream Operations,3.359375
CS106B, Chapter 4, Error Function,3.359375
CS106B, Chapter 4, Class Libraries OO Features & Why OO is So Successful,3.359375
CS106B, Chapter 4, Container Classes & Template Containers,3.359375
CS106B, Chapter 5, Vector Class & Interface,3.359375
CS106B, Chapter 5, Type-safety in Templates,3.359375
CS106B, Chapter 5, Grid Class & Interface,3.359375
CS106B, Chapter 5, Stack Class & Interface,3.359375
CS106B, Chapter 5, Queue Class & Interface,3.359375
CS106B, Chapter 5, Nested Templates,3.359375
CS106B, Chapter 5, Learning a New API,3.359375
CS106B, Chapter 5, CS106B Library Documentation,3.359375
CS106B, Chapter 6, More Containers,3.359375
CS106B, Chapter 6, Map Class & Interface,3.359375
CS106B, Chapter 6, Iterator Operation Through the Map,3.359375
CS106B, Chapter 6, Set Class & Interface,3.359375
CS106B, Chapter 6, Set Higher-level Operations & Why Set is Different,3.359375
CS106B, Chapter 7, Seeing Functions as Data: Plot Functions,3.359375
CS106B, Chapter 7, Back to the Set,3.359375
CS106B, Chapter 7, Client Callback Function,3.359375
CS106B, Chapter 7, Review of the Classes,3.359375
CS106B, Chapter 7, Using Nested Abstract Data Types,3.359375
CS106B, Chapter 7, Recursion,3.359375
CS106B, Chapter 8, Common Mistakes: 'I'terator,3.359375
CS106B, Chapter 8, Common Mistakes: Concatenating Strings,3.359375
CS106B, Chapter 8, Solving Problems Recursively,3.359375
CS106B, Chapter 8, Functional Recursion,3.359375
CS106B, Chapter 8, Recursion & Efficiency,3.359375
CS106B, Chapter 8, Binary Search,3.359375
CS106B, Chapter 9, Thinking Recursively,3.359375
CS106B, Chapter 9, Procedural vs Functional Recursion,3.359375
CS106B, Chapter 9, Fractal Code,3.359375
CS106B, Chapter 9, Hanois Towers : Classic Recursion Example,3.359375
CS106B, Chapter 9, Permutations,3.359375
CS106B, Chapter 10, Subsets,3.359375
CS106B, Chapter 10, Exhaustive Recursion,3.359375
CS106B, Chapter 10, Recursive Backtracking,3.359375
CS106B, Chapter 11, Backtracking Pseudocode & Examples,3.359375
CS106B, Chapter 11, Introduction to Pointers,3.359375
CS106B, Chapter 12, Pointer Basics,3.359375
CS106B, Chapter 12, Recursive Data,3.359375
CS106B, Chapter 12, Linked Lists,3.359375
CS106B, Chapter 13, More on Linked Lists using recursion,3.359375
CS106B, Chapter 13, Passing Pointers by Reference,3.359375
CS106B, Chapter 13, Array vs Linked List,3.359375
CS106B, Chapter 14, Algorithm Analysis,3.359375
CS106B, Chapter 14, Big-O,3.359375
CS106B, Chapter 14, Analysis of Recursive Algorithms,3.359375
CS106B, Chapter 14, Selection Sort,3.359375
CS106B, Chapter 15, Selection Sort,3.359375
CS106B, Chapter 15, Insertion Sort,3.359375
CS106B, Chapter 15, Merge Sort,3.359375
CS106B, Chapter 15, Quick Sort,3.359375
CS106B, Chapter 16, Quick Sort,3.359375
CS106B, Chapter 16, Quicksort vs Merge Sort,3.359375
CS106B, Chapter 16, Template Instantiation,3.359375
CS106B, Chapter 17, Sort Template with Callback,3.359375
CS106B, Chapter 17, Why Object Oriented Programming,3.359375
CS106B, Chapter 17, Class Division,3.359375
CS106B, Chapter 17, Class Interface in ".h" File,3.359375
CS106B, Chapter 17, Storage for Objects,3.359375
CS106B, Chapter 17, Accessing Members of a Class,3.359375
CS106B, Chapter 17, Class & Member Function Implementation,3.359375
CS106B, Chapter 17, Maintaining Object Consistency
CS106B, Chapter 17, Constructors & Destructors of a Class,3.359375
CS106B, Chapter 17, Idea of Encapsulation,3.359375
CS106B, Chapter 18, Abstract Data Types,3.359375
CS106B, Chapter 18, Why Abstract Data Types?,3.359375
CS106B, Chapter 18, Growing Dynamically: Making Space at Runtime,3.359375
CS106B, Chapter 18, Templatizing the Class Created,3.359375
CS106B, Chapter 19, Rules of Template Implementation,3.359375
CS106B, Chapter 19, InsertAt Function,3.359375
CS106B, Chapter 19, Consequences of Contiguous Memory Being a Disadvantage,3.359375
CS106B, Chapter 20, Linked List Implementation for Stack,3.359375
CS106B, Chapter 20, Analyzing Push/pop Functions,3.359375
CS106B, Chapter 20, Queue Implementation,3.359375
CS106B, Chapter 20, Buffered Class Interface,3.359375
CS106B, Chapter 21, Buffer: Vector vs Stack,3.359375
CS106B, Chapter 21, Buffer as Linked List,3.359375
CS106B, Chapter 21, Cursor Design,3.359375
CS106B, Chapter 21, Use of Dummy Cell,3.359375
CS106B, Chapter 21, Linked List Insert/delete,3.359375
CS106B, Chapter 21, Linked List Cursor Movement,3.359375
CS106B, Chapter 21, Doubly Linked List,3.359375
CS106B, Chapter 21, Implementing Map,3.359375
CS106B, Chapter 21, Map as Vector,3.359375
CS106B, Chapter 22, Binary Search Trees,3.359375
CS106B, Chapter 22, Trees in General,3.359375
CS106B, Chapter 22, Implementing Map as Tree,3.359375
CS106B, Chapter 22, Important Syntactical Advice,3.359375
CS106B, Chapter 23, Pathfinder Demo,3.359375
CS106B, Chapter 23, Graphs in C++,3.359375
CS106B, Chapter 23, Nodes and Arcs in C++,3.359375
CS106B, Chapter 23, Depth First Search,3.359375
CS106B, Chapter 23, Breadth First Search,3.359375
CS106B, Chapter 23, Graph Search Algorithms,3.359375
CS106B, Chapter 24, Compare Map Implementations,3.359375
CS106B, Chapter 24, Hashtable Idea,3.359375
CS106B, Chapter 24, Hashing Generic Types,3.359375
CS106B, Chapter 24, Implementing Set,3.359375
CS106B, Chapter 25, Lexicon Case Study: Sorted Vector,3.359375
CS106B, Chapter 25, DAWG: Directed Acyclic Word Graph,3.359375
CS106B, Chapter 25, Lexicon as DAWG,3.359375
CS106B, Chapter 26, Thinking About Design,3.359375
CS106B, Chapter 27, Guest Lecturer: About the C++ Language,3.359375
CS171, Design Principle Lecture, Cognition Limitation,4.942308
CS171, Design Principle Lecture, Tufte Principles,4.942308
CS171, Design Principle Lecture, Graphical Integrity,4.942308
CS171, Design Principle Lecture, Scale Distortion and Lie factor,4.942308
CS171, Design Principle Lecture, Data-Ink-Ratio and Chart-Junk,4.942308
CS171, Design Principle Lecture, Data-Density,4.942308
CS171, Design Principle Lecture, Layering and Separation,4.942308
CS171, Design Principle Lecture, Subjective, Aesthetics & Style & Playfull & Vivid,4.942308
CS171, Lab 1, Github,4.942308
CS171, Lab 1, HTML,4.942308
CS171, Lab 1, CSS,4.942308
CS171, Lab 1, Javascript,4.942308
CS171, Lab 1, SVG,4.942308
CS171, D3 Lecture, Javascript functions,4.942308
CS171, D3 Lecture, Javascript 'bake-in-state',4.942308
CS171, D3 Lecture, Selection D3,4.942308
CS171, D3 Lecture, data D3,4.942308
CS171, D3 Lecture, enter and exit D3,4.942308
CS171, D3 Lecture, transition D3,4.942308
CS171, D3 Lecture, nested examples and further D3,4.942308
CS171, D3 Data Models and Variables, Data types,4.942308
CS171, D3 Data Models and Variables, Quantitative types,4.942308
CS171, D3 Data Models and Variables, Entity, relationship & attribute,4.942308
CS171, D3 Data Models and Variables, Data model & conceptual model,4.942308
CS171, D3 Data Models and Variables, Visual variables,4.942308
CS171, D3 Data Models and Variables, Position,4.942308
CS171, D3 Data Models and Variables, Size,4.942308
CS171, D3 Data Models and Variables, Length,4.942308
CS171, D3 Data Models and Variables, Shape,4.942308
CS171, D3 Data Models and Variables, Color,4.942308
CS171, D3 Data Models and Variables, Graph perception,4.942308
CS171, D3 Data Models and Variables, Effective visual variables rank,4.942308
CS171, Lab 2, Loading Data D3,4.942308
CS171, Lab 2, Selectors D3,4.942308
CS171, Lab 2, Drawing with Data D3,4.942308
CS171, Interaction Lecture, Shneiderman mantra,4.942308
CS171, Interaction Lecture, Focus + Context,4.942308
CS171, Interaction Lecture, Brishing & linking,4.942308
CS171, Interaction Lecture, Filtering,4.942308
CS171, Interaction Lecture, Zooming,4.942308
CS171, Interaction Lecture, Animation,4.942308
CS171, Interaction Lecture, Off-the-desktop-interaction,4.942308
CS171, Networks & Process Lecture, Network Layouts,4.942308
CS171, Networks & Process Lecture, Force-directed,4.942308
CS171, Networks & Process Lecture, Clustered,4.942308
CS171, Networks & Process Lecture, Radial,4.942308
CS171, Networks & Process Lecture, Matrix,4.942308
CS171, Networks & Process Lecture, Tree Layouts,4.942308
CS171, Networks & Process Lecture, Radial trees,4.942308
CS171, Networks & Process Lecture, Segmentation plots,4.942308
CS171, Lab 3, Transitions D3,4.942308
CS171, Lab 3, Interactions D3,4.942308
CS171, Lab 3, Scale & Axis D3,4.942308
CS171, Process & Graphs Lecture, Target - explore domain-pose questions-find & clean data,4.942308
CS171, Process & Graphs Lecture, Translate - formulate analysis, explore data, summarise data,v
CS171, Process & Graphs Lecture, Design - design encodings, design interactions, sketch,4.942308
CS171, Process & Graphs Lecture, Implement - code sketches, data structure, find algorithms,4.942308
CS171, Process & Graphs Lecture, Validate - effective, support tasks, provide insights,4.942308
CS171, Process & Graphs Lecture, Visualisation Taxonomy,4.942308
CS171, Process & Graphs Lecture, Chart Starter - comparison,4.942308
CS171, Process & Graphs Lecture, Chart Starter - trend over time,4.942308
CS171, Process & Graphs Lecture, Chart Starter - proportions,4.942308
CS171, Process & Graphs Lecture, Chart Starter - distributions,4.942308
CS171, Process & Graphs Lecture, Chart Starter - correlations,4.942308
CS171, Process & Graphs Lecture, Chart Starter - overplotting,4.942308
CS171, Lab 4, D3 Layouts,4.942308
CS171, High Dimensional Data Lecture, Geometric methods,4.942308
CS171, High Dimensional Data Lecture, Data Reduction,4.942308
CS171, High Dimensional Data Lecture, Pixel based methods,4.942308
CS171, High Dimensional Data Lecture, Clustering,4.942308
CS171, High Dimensional Data Lecture, Heterogenous data sets & stratification,4.942308
CS171, High Dimensional Data Lecture, Dimensionality reduction,4.942308
CS171, High Dimensional Data Lecture, Multi-dimensional scaling,4.942308
CS171, High Dimensional Data Lecture, Glyphs,4.942308
CS171, Text Visualisation Lecture, Text as abstraction,4.942308
CS171, Text Visualisation Lecture, Typeography,4.942308
CS171, Text Visualisation Lecture, Visualisation of text,4.942308
CS171, Text Visualisation Lecture, Visualisation of collections,4.942308
CS171, Text Visualisation Lecture, Bag of words,4.942308
CS171, Text Visualisation Lecture, Text corpora & language,4.942308
CS171, Text Visualisation Lecture, Time evolution text,4.942308
CS171, Lab 5, Web scraping,4.942308
CS171, Lab 5, JQuery,4.942308
CS171, Lab 5, Advanced Javascript,4.942308
CS171, Visualisation Maps Lecture, Geographic and Population Maps,4.942308
CS171, Visualisation Maps Lecture, Landmarks and Paths,4.942308
CS171, Visualisation Maps Lecture, Latitude and Longitude,4.942308
CS171, Visualisation Maps Lecture, Azimuthal Equidistant,4.942308
CS171, Visualisation Maps Lecture, Conic,4.942308
CS171, Visualisation Maps Lecture, Cylindrical,4.942308
CS171, Visualisation Maps Lecture, Albers Equal Area,4.942308
CS171, Visualisation Maps Lecture, Mercator,4.942308
CS171, Visualisation Maps Lecture, Chloropleth,4.942308
CS171, Visualisation Maps Lecture, Isopleth map,4.942308
CS171, Visualisation Maps Lecture, Cartograms,4.942308
CS171, Visualisation Maps Lecture, Proportional Symbol Maps,4.942308
CS171, Visualisation Maps Lecture, Flow Maps,4.942308
CS171, Visualisation Maps Lecture, Time Varying Maps,4.942308
CS171, Visualisation Maps Lecture, Thematic Maps,4.942308
CS171, Tableua Desktop Lecture, Tableau Intro,4.942308
CS171, Perception Lecture, bottom-up & top-down brain,4.942308
CS171, Perception Lecture, the eye,4.942308
CS171, Perception Lecture, eye tracking summary,4.942308
CS171, Perception Lecture, receptive fields,4.942308
CS171, Perception Lecture, visual channels,4.942308
CS171, Perception Lecture, contrast/ layering,4.942308
CS171, Perception Lecture, color and motion pop-out,4.942308
CS171, Perception Lecture, separable & integral channels,4.942308
CS171, Perception Lecture, Gestalt principles,4.942308
CS171, Color Lecture, Tufte color,4.942308
CS171, Color Lecture, Color models,4.942308
CS171, Color Lecture, Additive and subtractive models,4.942308
CS171, Color Lecture, Visual systems,4.942308
CS171, Color Lecture, Color perception and illusions,4.942308
CS171, Color Lecture, Color blindness,4.942308
CS171, Color Lecture, RGB + HSL + LAB + Munsell,4.942308
CS171, Color Lecture, Color discriminability/ encodings,4.942308
CS171, Color Lecture, Normal colors,4.942308
CS171, Color Lecture, Color maps + Brewer + chroma.js,4.942308
CS171, Cognition Lecture, TBC,4.942308
CS171, Storytelling Lecture, Visual design - 7 genres,4.942308
CS171, Storytelling Lecture, Visual design - beginning + middle + end,4.942308
CS171, Storytelling Lecture, Messaging - headline + caption + annotation,4.942308
CS171, Storytelling Lecture, Messaging - viewpoint + relatability + precision,4.942308
CS171, Storytelling Lecture, Interactivity - obvious interaction,4.942308
CS171, Storytelling Lecture, Interactivity - reactive & reset,4.942308
CS171, Lab 6, Object Orientated Javascript,4.942308
CS171, Lab 6, Classes Javascript,4.942308
CS109, Process + Data + Visual Attributes Lecture, Data Process,4.450000
CS109, Process + Data + Visual Attributes Lecture, Data Types,4.450000
CS109, Process + Data + Visual Attributes Lecture, Data Dimensions,4.450000
CS109, Process + Data + Visual Attributes Lecture, Data & Images,4.450000
CS109, Process + Data + Visual Attributes Lecture, Visual attributes,4.450000
CS109, Process + Data + Visual Attributes Lecture, Visualisations,4.450000
CS109, Lab 1, Basic Expressions,4.450000
CS109, Lab 1, Lists,4.450000
CS109, Lab 1, Dictionaries,4.450000
CS109, Lab 1, Tuples,4.450000
CS109, Lab 1, Functions,4.450000
CS109, Lab 1, Modules,4.450000
CS109, Statistical Graphs Lecture, Design Principle,4.450000
CS109, Statistical Graphs Lecture, Graph Types,4.450000
CS109, Statistical Graphs Lecture, Comparisons,4.450000
CS109, Statistical Graphs Lecture, Trends Over Time,4.450000
CS109, Statistical Graphs Lecture, Correlations,4.450000
CS109, Statistical Graphs Lecture, Distributions,4.450000
CS109, Statistical Graphs Lecture, Color,4.450000
CS109, Data Munging Lecture, Scraping Web Data,4.450000
CS109, Data Munging Lecture, Etiquette of Scraping,4.450000
CS109, Data Munging Lecture, Scraping Demonstration,4.450000
CS109, Lab 2, Basic Expressions & Web Scraping,4.450000
CS109, Statistical Models Lecture, Probability,4.450000
CS109, Statistical Graphs Lecture, Parametric vs Non-Parametric,4.450000
CS109, Statistical Graphs Lecture, Length Biasing,4.450000
CS109, Statistical Graphs Lecture, Exponential Distribution,4.450000
CS109, Statistical Graphs Lecture, Binomial Distribution,4.450000
CS109, Statistical Graphs Lecture, Bootstrap,4.450000
CS109, Bias Sampling Lecture, Some Forms of Bias,4.450000
CS109, Bias Sampling Lecture, Sampling Schemes,4.450000
CS109, Bias Sampling Lecture, Bias of an Estimator,4.450000
CS109, Bias Sampling Lecture, Basu's Weighting,4.450000
CS109, Bias Sampling Lecture, Fisher Weighting,4.450000
CS109, Lab 3, Workshop on Pandas,4.450000
CS109, Lab 3, Visualisation Python,4.450000
CS109, Lab 3, Matplotlib Python,4.450000
CS109, Regression Lecture, Regression to the mean,4.450000
CS109, Regression Lecture, Linear Model,4.450000
CS109, Regression Lecture, Gauss-Markov Theorem,4.450000
CS109, Regression Lecture, Hat Matrix,4.450000
CS109, Regression Lecture, Logistic Regression,4.450000
CS109, High Dimensional Data Lecture, Data Types,4.450000
CS109, High Dimensional Data Lecture, Graphical Methods,4.450000
CS109, High Dimensional Data Lecture, Dimensionality Reduction MDS,4.450000
CS109, High Dimensional Data Lecture, Dimensionality Reduction PCA,4.450000
CS109, High Dimensional Data Lecture, Linear Methods,4.450000
CS109, Lab 4, Sci-Kit Learn,4.450000
CS109, Lab 4, Regression,4.450000
CS109, Lab 4, PCA,4.450000
CS109, Classification & Clustering Lecture, Classification,4.450000
CS109, Classification & Clustering Lecture, Clustering,4.450000
CS109, Thinking Bayesian Lecture, Bayesian Thinking,4.450000
CS109, Thinking Bayesian Lecture, Cross-Validation,4.450000
CS109, Thinking Bayesian Lecture, Bayesian Method,4.450000
CS109, Thinking Bayesian Lecture, MCMC,4.450000
CS109, Thinking Bayesian Lecture, Interval Estimation,4.450000
CS109, Thinking Bayesian Lecture, Conjugate Priors,4.450000
CS109, Lab 5, Bias,4.450000
CS109, Lab 5, Variance,4.450000
CS109, Lab 5, Cross-Validation,4.450000
CS109, Simulation & Bayesian Computation Lecture, Bayesian Data Analysis,4.450000
CS109, Simulation & Bayesian Computation Lecture, Bayesian Bandits,4.450000
CS109, Simulation & Bayesian Computation Lecture, LASSO and Sparsity,4.450000
CS109, Simulation & Bayesian Computation Lecture, Kidney Data Analysis,4.450000
CS109, Simulation & Bayesian Computation Lecture, Markov Chain Example,4.450000
CS109, Simulation & Bayesian Computation Lecture, MCM Cryptography,4.450000
CS109, Bayesian Contd Monte Carlo Lecture, Markov Chains,4.450000
CS109, Bayesian Contd Monte Carlo Lecture, Likelihood Ratios,4.450000
CS109, Bayesian Contd Monte Carlo Lecture, MCMC,4.450000
CS109, Bayesian Contd Monte Carlo Lecture, Hidden Makov Models,4.450000
CS109, Bayesian Contd Monte Carlo Lecture, Networks,4.450000
CS109, Bayesian Contd Monte Carlo Lecture, MCMC Generate Networks,4.450000
CS109, Bayesian Contd Monte Carlo Lecture, Gibbs Sampler + Metropolis Hastings,4.450000
CS109, Bayesian Contd Monte Carlo Lecture, Hierarchical Models,4.450000
CS109, Lab 6, Bayesian Analysis,4.450000
CS109, Lab 6, SciKit Learn,4.450000
CS109, Practical Machine Learning Lecture, Supervised Learning - SVM,4.450000
CS109, Practical Machine Learning Lecture, Supervised Learning - Decision Tree,4.450000
CS109, Practical Machine Learning Lecture, Supervised Learning - Boosting,4.450000
CS109, Practical Machine Learning Lecture, Supervised Learning - Random Forest,4.450000
CS109, Practical Machine Learning Lecture, Unsupervised Learning - K-Means,4.450000
CS109, Practical Machine Learning Lecture, Unsupervised Learning - Mean Shift,4.450000
CS109, EC2 + AWS + MapReduce + MrJOB Lecture, Map Reduce,4.450000
CS109, EC2 + AWS + MapReduce + MrJOB Lecture, Python Generators,4.450000
CS109, EC2 + AWS + MapReduce + MrJOB Lecture, Combiner,4.450000
CS109, EC2 + AWS + MapReduce + MrJOB Lecture, JSON Encoding,4.450000
CS109, Trees + Networks + Databases Lecture, Trees,4.450000
CS109, Trees + Networks + Databases Lecture, Networks,4.450000
CS109, Trees + Networks + Databases Lecture, Radial Layouts,4.450000
CS109, Trees + Networks + Databases Lecture, Matrices,4.450000
CS109, Trees + Networks + Databases Lecture, Tools & Applications,4.450000
CS109, Trees + Networks + Databases Lecture, Databases,4.450000
CS109, Lab 7, Basic ML,4.450000
CS109, Lab 7, EC2,4.450000
CS109, Lab 7, MRJob,4.450000
CS109, EC2 + AWS + MapReduce + MrJOB Lecture, JSON Encoding,4.450000
CS109, Network Vis & Gephi Lecture, Graphs,4.450000
CS109, Network Vis & Gephi Lecture, Networks,4.450000
CS109, Network Vis & Gephi Lecture, Power Laws,4.450000
CS109, Network Vis & Gephi Lecture, Models,4.450000
CS109, Lab 8, Basic ML,4.450000
CS109, Lab 8, EC2,4.450000
CS109, Lab 8, MRJob,4.450000
CS109, Networks II Lecture, Centrality Measures,4.450000
CS109, Networks II Lecture, Community Detection,4.450000
CS109, Networks II Lecture, Respondent Driven Sampling,4.450000
CS109, Visual Storytelling & Messaging Lecture, Effective Communication,4.450000
CS109, Networks II Lecture, Simplicity,4.450000
CS109, Networks II Lecture, Visual Design,4.450000
CS109, Networks II Lecture, Messaging,4.450000
CS109, Networks II Lecture, Visual Storytelling,4.450000
CS109, SVM & Random Forest Lecture, Hierarchical Clustering,4.450000
CS109, SVM & Random Forest Lecture, SVM's,
CS109, SVM & Random Forest Lecture, Neural Networks,4.450000
Machine Learning, Introduction, Introduction,
Machine Learning, Introduction, Octave Tutorial,
Machine Learning, Linear Algebra Review, Matrices and Vectors,
Machine Learning, Linear Algebra Review, Addition and Scalar Multiplication,
Machine Learning, Linear Algebra Review, Vector Multiplication,
Machine Learning, Linear Algebra Review, Matrix Multiplication,
Machine Learning, Linear Algebra Review, Inverse and Transpose,
Machine Learning, Linear Regression, Cost Function,
Machine Learning, Linear Regression, Gradient Descent with One Variable
Machine Learning, Linear Regression, Gradient Descent with Multiple Variables
Machine Learning, Linear Regression, Features and Polynomial Regression
Machine Learning, Linear Regression, Normal Equation
Machine Learning, Linear Regression, Regularization
Machine Learning, Logistic Regression, Classification
Machine Learning, Logistic Regression, Hypothesis Representation
Machine Learning, Logistic Regression, Decision Boundary
Machine Learning, Logistic Regression, Cost Function
Machine Learning, Logistic Regression, Multiclass Classification
Machine Learning, Logistic Regression, Regularization
Machine Learning, Neural Networks, Non linear Hypotheses
Machine Learning, Neural Networks, Model Representation
Machine Learning, Neural Networks, Multiclass Classification
Machine Learning, Neural Networks, Cost Function
Machine Learning, Neural Networks, Backpropagation
Machine Learning, Neural Networks, Implementation
Machine Learning, Neural Networks, Gradient Checking
Machine Learning, Neural Networks, Random Initialisation
Machine Learning, Support Vector Machines, Optimisation Objective
Machine Learning, Support Vector Machines, Large Margin Intuition
Machine Learning, Support Vector Machines, Kernels
Machine Learning, Support Vector Machines, Using an SVM
Machine Learning, Clustering, Unsupervised Learning
Machine Learning, Clustering, K-means Algorithm
Machine Learning, Clustering, Optimisation Objective
Machine Learning, Clustering, Random Initialization
Machine Learning, Clustering, Choosing the number of clusters
Machine Learning, Dimensionality Reduction, Data Compression
Machine Learning, Dimensionality Reduction, Visualisation
Machine Learning, Dimensionality Reduction, Principal Component Analysis
Machine Learning, Dimensionality Reduction, Choosing the number of PCs
Machine Learning, Dimensionality Reduction, Reconstruction from Compressed Representation
Machine Learning, Dimensionality Reduction, Advice for Applying PCA
Machine Learning, Anomaly Detection, Motivation
Machine Learning, Anomaly Detection, Gaussian Distribution
Machine Learning, Anomaly Detection, Algorithms
Machine Learning, Anomaly Detection, Developing and Evaluating an Anomaly Detection System
Machine Learning, Anomaly Detection, Anomaly Detection vs. Supervised Learning
Machine Learning, Anomaly Detection, What Features to Use
Machine Learning, Anomaly Detection, Multivariate Gaussian Distribution
Machine Learning, Recommender Systems, Content Based Recommendations
Machine Learning, Recommender Systems, Collaborative Filtering Algorithm
Machine Learning, Recommender Systems, Vectorization
Machine Learning, Recommender Systems, Implementation
Machine Learning, Advice for Applying ML, Deciding what to try
Machine Learning, Advice for Applying ML, Evaluating a Hypothesis
Machine Learning, Advice for Applying ML, Model Selection and Train / Validation
Machine Learning, Advice for Applying ML, Bias vs. Variance
Machine Learning, Advice for Applying ML, Regularisation and Bias vs. Variance
Machine Learning, Advice for Applying ML, Learning Curves
Machine Learning, Advice for Applying ML, What to do next ?
Machine Learning, ML System Design, Prioritization
Machine Learning, ML System Design, Error Analysis
Machine Learning, ML System Design, Trade-off Precision and Recall
Machine Learning, ML System Design, Data for ML
Machine Learning, Large Scale Machine Learning, Learning with Large Datasets
Machine Learning, Large Scale Machine Learning, Stochastic Gradient Descent
Machine Learning, Large Scale Machine Learning, Mini-bathc gradient descent
Machine Learning, Large Scale Machine Learning, Stochastic gradient descent convergence
Machine Learning, Large Scale Machine Learning, Online Learning
Machine Learning, Large Scale Machine Learning, Map Reduce and Parallelism 
Machine Learning, Conclusion, Application Examples
Machine Learning, Conclusion, Conclusions
Stats 110, Lecture 1, sample spaces
Stats 110, Lecture 1, naive definition of probability
Stats 110, Lecture 1, counting
Stats 110, Lecture 1, sampling
Stats 110, Lecture 2, Bose-Einstein
Stats 110, Lecture 2, story proofs
Stats 110, Lecture 2, Vandermonde identity
Stats 110, Lecture 2, axioms of probability 
Stats 110, Lecture 3, birthday problem
Stats 110, Lecture 3, properties of probability
Stats 110, Lecture 3, inclusion-exclusion
Stats 110, Lecture 3, matching problem
Stats 110, Lecture 4, independence
Stats 110, Lecture 4, Newton-Pepys
Stats 110, Lecture 4, conditional probability
Stats 110, Lecture 4, Bayes’ rule
Stats 110, Lecture 5, law of total probability
Stats 110, Lecture 5, conditional probability examples
Stats 110, Lecture 5, conditional independence
Stats 110, Lecture 6, Monty Hall problem
Stats 110, Lecture 6, Simpson’s paradox
Stats 110, Lecture 7, gambler’s ruin
Stats 110, Lecture 7, first step analysis
Stats 110, Lecture 7, random variables
Stats 110, Lecture 7, Bernoulli
Stats 110, Lecture 7, Binomial
Stats 110, Lecture 8, random variables
Stats 110, Lecture 8, CDFs
Stats 110, Lecture 8, PMFs
Stats 110, Lecture 8, Hypergeometric
Stats 110, Lecture 9, independence
Stats 110, Lecture 9, Geometric
Stats 110, Lecture 9, expected values
Stats 110, Lecture 9, indicator r.v.s
Stats 110, Lecture 9, linearity
Stats 110, Lecture 9, symmetry
Stats 110, Lecture 9, fundamental bridge
Stats 110, Lecture 10, linearity
Stats 110, Lecture 10, Putnam problem
Stats 110, Lecture 10, Negative Binomial
Stats 110, Lecture 10, St. Petersburg paradox
Stats 110, Lecture 11, sympathetic magic
Stats 110, Lecture 11, Poisson distribution
Stats 110, Lecture 11, Poisson approximation
Stats 110, Lecture 12, discrete vs. continuous
Stats 110, Lecture 12, PDFs
Stats 110, Lecture 12, variance
Stats 110, Lecture 12, standard deviation
Stats 110, Lecture 12, Uniform
Stats 110, Lecture 12, universality
Stats 110, Lecture 13, standard Normal
Stats 110, Lecture 13, Normal normalizing constant
Stats 110, Lecture 14, Normal distribution
Stats 110, Lecture 14, standardization
Stats 110, Lecture 14, LOTUS
Stats 110, Lecture 15, midterm review
Stats 110, Lecture 15, extra examples
Stats 110, Lecture 16, Exponential distribution
Stats 110, Lecture 16, memoryless property
Stats 110, Lecture 17, moment generating functions
Stats 110, Lecture 17, hybrid Bayes’ rule
Stats 110, Lecture 17, Laplace’s rule of succession
Stats 110, Lecture 18, MGFs to get moments of Expo and Normal
Stats 110, Lecture 18, sums of Poissons
Stats 110, Lecture 18, joint distributions
Stats 110, Lecture 19, joint
Stats 110, Lecture 19, conditional and marginal distributions
Stats 110, Lecture 19, 2-D LOTUS
Stats 110, Lecture 19, chicken-egg
Stats 110, Lecture 20, expected distance between Normals
Stats 110, Lecture 20, Multinomial
Stats 110, Lecture 20, Cauchy
Stats 110, Lecture 21, covariance
Stats 110, Lecture 21, correlation
Stats 110, Lecture 21, variance of a sum
Stats 110, Lecture 21, variance of Hypergeometric
Stats 110, Lecture 22, transformations
Stats 110, Lecture 22, LogNormal
Stats 110, Lecture 22, convolutions
Stats 110, Lecture 22, the probabilistic method
Stats 110, Lecture 23, Beta distribution
Stats 110, Lecture 23, Bayes’ billiards
Stats 110, Lecture 23, finance preview and examples
Stats 110, Lecture 24, Gamma distribution
Stats 110, Lecture 24, Poisson processes
Stats 110, Lecture 25, Beta-Gamma (bank-post office)
Stats 110, Lecture 25, order statistics
Stats 110, Lecture 25, conditional expectation
Stats 110, Lecture 25, two envelope paradox
Stats 110, Lecture 26, two envelope paradox (cont.)
Stats 110, Lecture 26, conditional expectation (cont.)
Stats 110, Lecture 26, waiting for HT vs. waiting for HH
Stats 110, Lecture 27, conditional expectation (cont.)
Stats 110, Lecture 27, taking out what’s known
Stats 110, Lecture 27, Adam’s law
Stats 110, Lecture 27, Eve’s law
Stats 110, Lecture 28, sum of a random number of random variables
Stats 110, Lecture 28, inequalities (Cauchy-Schwarz, Jensen, Markov, Chebyshev)
Stats 110, Lecture 29, law of large numbers
Stats 110, Lecture 29, central limit theorem
Stats 110, Lecture 30, Chi-Square
Stats 110, Lecture 30, Student-t
Stats 110, Lecture 30, Multivariate Normal
Stats 110, Lecture 31, Markov chains
Stats 110, Lecture 31, transition matrix
Stats 110, Lecture 31, stationary distribution
Stats 110, Lecture 32, Markov chains (cont.)
Stats 110, Lecture 32, irreducibility
Stats 110, Lecture 32, reversibility
Stats 110, Lecture 32, random walk on an undirected network
Stats 110, Lecture 33, Markov chains (cont.)
Stats 110, Lecture 33, Google PageRank as a Markov chain
Stats 110, Lecture 34, a look ahead
Statistics Udacity, Lecture 1, Introduction
Statistics Udacity, Lecture 2, Visualizing Data
Statistics Udacity, Lecture 3, Central Tendency
Statistics Udacity, Lecture 4, Variability
Statistics Udacity, Lecture 5, Standardizing
Statistics Udacity, Lecture 6, Normal Distribution
Statistics Udacity, Lecture 7, Sampling Distribution
Statistics Udacity, Lecture 8, Estimation
Statistics Udacity, Lecture 9, Hypothesis Testing
Statistics Udacity, Lecture 10, t-Tests
Statistics Udacity, Lecture 11, t-Tests
Statistics Udacity, Lecture 12, One-way ANOVA
Statistics Udacity, Lecture 13, ANOVA (cont.)
Statistics Udacity, Lecture 14, Correlation
Statistics Udacity, Lecture 15, Regression
Statistics Udacity, Lecture 16, Chi-Squared tests
Stanford Databases, Introduction, Introduction
Stanford Databases, Relational Databases, Model
Stanford Databases, Relational Databases, Querying
Stanford Databases, Relational Databases, UML Language
Stanford Databases, Relational Algebra, Select
Stanford Databases, Relational Algebra, Project
Stanford Databases, Relational Algebra, Join
Stanford Databases, Relational Algebra, Set Operators
Stanford Databases, Relational Algebra, Rename
Stanford Databases, Relational Algebra, Notation
Stanford Databases, XML Data, Introduction
Stanford Databases, XML Data, DTDs
Stanford Databases, XML Data, IDs
Stanford Databases, XML Data, IDREFs
Stanford Databases, XML Data, XML Schema
Stanford Databases, XML Data, Querying
Stanford Databases, JSON Data, Introduction
Stanford Databases, SQL, Introduction
Stanford Databases, SQL, Select
Stanford Databases, SQL, Set Operators
Stanford Databases, SQL, Where
Stanford Databases, SQL, From
Stanford Databases, SQL, Joins
Stanford Databases, SQL, Aggregation
Stanford Databases, SQL, NULL
Stanford Databases, SQL, Data modification statements
Stanford Databases, SQL, Indexes
Stanford Databases, SQL, Constraints
Stanford Databases, SQL, Triggers
Stanford Databases, SQL, Transactions
Stanford Databases, SQL, Isolations
Stanford Databases, SQL, Views
Stanford Databases, SQL, Authorisation
Stanford Databases, SQL, Recursion
Stanford Databases, SQL, OLAP
Stanford Databases, NoSQL, Motivation
NLP, The Language Modeling Problem, Markov Processes
NLP, The Language Modeling Problem, Trigram Language Model
NLP, The Language Modeling Problem, Perplexity
NLP, Parameter Estimation in Language Models, Linear Interpolation
NLP, Parameter Estimation in Language Models, Dicounting Methods
NLP, Tagging Problems and Hidden Markov Models, Tagging Problem
NLP, Tagging Problems and Hidden Markov Models, Generative Models for Supervised Learning
NLP, Tagging Problems and Hidden Markov Models, Hidden Markov Model (HMM)
NLP, Tagging Problems and Hidden Markov Models, Parameter Estimation in HMM
NLP, Tagging Problems and Hidden Markov Models, Viterbi Algorithm
NLP, Parsing and Context-Free Grammars, Parsing Problem
NLP, Parsing and Context-Free Grammars, Context-Free Grammar
NLP, Parsing and Context-Free Grammars, A Simple Grammar for English
NLP, Probabilistic Context-Free Grammars (PCFGs), Basics of PCFGs
NLP, Probabilistic Context-Free Grammars (PCFGs), CKY Parsing Algorithm
NLP, Probabilistic Context-Free Grammars (PCFGs), Weaknesses of PCFGs
NLP, Lexicalized PCFGs, Lexicalization of a Treebank
NLP, Lexicalized PCFGs, Parameter Estimation in Lexicalised PCFGs
NLP, Lexicalized PCFGs, Evaluation of Lexicalised PCFGs
Probabilistic Sys, Bayesian Statistical Inference I Lecture, Inference Model,
Probabilistic Sys, Bayesian Statistical Inference I Lecture, Hypothesis Test,
Probabilistic Sys, Bayesian Statistical Inference I Lecture, Estimation,
Probabilistic Sys, Bayesian Statistical Inference I Lecture, LMS Estimation,
Probabilistic Sys, Bayesian Statistical Inference II Lecture, MAP Estimate,
Probabilistic Sys, Bayesian Statistical Inference II Lecture, MSE Estimate,
Probabilistic Sys, Bayesian Statistical Inference II Lecture, LMS Estimate,
Probabilistic Sys, Bayesian Statistical Inference II Lecture, Linear LMS Estimate,
Probabilistic Sys, Classical Statistical Inference I Lecture, Inference Model,
Probabilistic Sys, Classical Statistical Inference I Lecture, MLE,
Probabilistic Sys, Classical Statistical Inference I Lecture, MSE,
Probabilistic Sys, Classical Statistical Inference I Lecture, Confidence Intervals,
Probabilistic Sys, Classical Inference II Lecture, MLE Estimate,
Probabilistic Sys, Classical Inference II Lecture, Confidence Intervals,
Probabilistic Sys, Classical Inference II Lecture, Linear Regression,
Probabilistic Sys, Classical Inference II Lecture, Binary Hypothesis Test,
Probabilistic Sys, Classical Inference III Course Overview Lecture, Binary Hypothesis Test,
Probabilistic Sys, Classical Inference III Course Overview Lecture, Composite Test,